name,price,status,shipping,free_returns,items_sold
Shop on eBay,2000,Brand New,,False,
Shop on eBay,2000,Brand New,,False,
"Replacement Lid for Pyrex 4-CUP Storage Cover 6"" Bowl 7201-PC Navy (4-Pack)",1099,Brand New,0,True,427
"Mauviel M'6S 2.7mm Copper Frying Pan With Cast Stainless Steel Handle, 7.9-in",16617,Pre-Owned,0,False,0
"CVNC 432Hz 6-12"" 7pcs Colored Crystal Singing Bowl Set Chakra Sound Heal Reiki",32999,Brand New,0,False,125
Banana Bowl,3499,Brand New,1000,False,0
4 Inch Tobacco Smoking Glass Pipe Gorgeous Bowl Collectible Handmade Pipes,1349,Brand New,0,True,0
(10 PACK) 14MM Male Glass Bowl For Water Tobacco Pipe Bong Replacement Head USA,1259,Brand New,0,True,0
22oz Stoneware Reactive Glaze Cereal Bowl - Hearth & Hand‚Ñ¢ -Gray-Set of 4,1849,Brand New,0,False,
"Cereal Bowls 24 oz, Plastic Reusable Light Weight Bowl, Set of 6",1038,Brand New,0,False,0
"4.5 "" Glass Tobacco Smoking Pipe Bowl -Handcrafted- Floral Design Pipe",1750,,,False,0
4 Inch Tobacco Smoking Glass Pipe Gorgeous Bowl Collectible Handmade Pipes,1349,,,False,0
14mm Horn Bowl - VERY high quality thick glass built-in screen - B/W swirl,1528,,,False,0
"( Pack of 8 ) 3.5"" Silicone Tobacco Smoking Pipe with Lid Black Hand Pipes Bowl",1979,,,False,0
"3Pack  4""  (insert 2.8'') Downstem +14mm Male Round Bowl",1380,,,False,0
"10"" Heavy Duty Glass Bong Glass Water Pipe Smoking Tobacco Pipe Beaker 14MM Bowl",1979,,,False,0
"4.3"" Mini Glass Bong Smoking Tobacco Glass Water Pipe & 14mm Bowl & Decent Box",1889,,,False,0
(10 PACK) 14MM Male Glass Bowl For Water Tobacco Pipe Bong Replacement Head USA,1259,,,False,0
Handmade 200 Piece Colorful Glass Screens Tobacco Smoking Bowl Glass Pipes,1399,Brand New,0,False,0
"Freezable Glass Pipe 4"" Glycerin Tobacco Smoking Bowl (Yellow)",999,Brand New,0,False,0
60Pc Bowl Screens for 14MM Glass Bowl Stainless Steel Adjustable Bowl Screens,1259,Brand New,0,True,0
4 Inch Tobacco Smoking Glass Pipe Gorgeous Bowl Collectible Handmade Pipes,1099,Brand New,0,True,0
Shan bao 6WX-1 Aluminum Replaceable Flashlight Cup LED Reflector Bow,1100,Brand New,800,False,
coconut shell bowl,489,Brand New,0,False,
"Replacement Lid for Pyrex 4-CUP Storage Cover 6"" Bowl 7201-PC FUCHSIA (10-Pack)",1499,Brand New,0,True,0
"COZY Stainless Steel Kitchen Sink, 27"" Single Bowl in Matte Black",8075,Brand New,0,False,0
"10"" Heavy Duty Glass Bong Glass Water Pipe Smoking Tobacco Pipe Beaker 14MM Bowl",1979,Brand New,0,True,0
Wheat Straw Bowls Set of 4 Unbreakable Plastic Dishes Dinner Microwave Safe,1499,Brand New,0,True,0
4.5 inch Handmade Thick Heavy Nature Red Marble Tobacco Smoking Bowl Glass Pipes,1529,Brand New,0,False,0
4Pack  4.5'' Hookah Water Smoking Pipe Glass Bong Downstem with 14mm Male Bowl,1380,Brand New,0,True,0
(Pack of 2) 4.3''  14mm Glass Downstem and Round Male Bowl Piece for Glass Bong,1259,Brand New,0,True,0
"4"" Handmade Glass Tobacco Spoon Smoking Bowl, Pipe, THICK HEAVY GLASS",888,Brand New,0,True,0
"DUOLUV Cereal Bowl, Set of 8 Soup Bowls 36 Ounces Unbreakable Wheat Straw ",2023,Brand New,0,False,144
"4.3"" Mini Glass Bong Smoking Tobacco Glass Water Pipe & 14mm Bowl & Decent Box",1889,Brand New,0,True,0
"4.5"" Handmade Thick Night Blue Nova Explosion Tobacco Smoking Bowl Glass Pipes",1519,Brand New,0,False,0
"Glass Pipe Aluminum Metal Body Smoking Bowl Portable Tobacco Hand Pipe 4""",1499,Brand New,0,False,0
"12"" Heavy Duty Glass Bong Silicone Smoking Tobacco Water Pipe Beaker 14MM Bowl",2199,Brand New,0,True,0
4.25 in Handmade Mellow White Square Rectangle Tobacco Smoking Bowl Glass Pipes,1699,Brand New,0,False,0
"Replacement Lid for Pyrex 4-CUP Storage Cover 6"" Bowl 7201-PC FUCHSIA (6-Pack)",1299,Brand New,0,True,0
"Marilyn Andrews (American, 1942-2019) Porcelain Bowl, circa 1990",11000,,1258,False,
"Mauviel M'Minis Polished Copper & Stainless Steel Sauce Pan, 2-in",5895,New other (see details),0,False,
"Mauviel M'Passion Copper Egg White Beating Bowl With Ring, 5-qt, Made in France",7398,New other (see details),0,False,0
"5"" Handmade Thick Gold Color Changing Ghost Tobacco Smoking Bowl Glass Pipes",1599,Brand New,0,False,0
4 Inch Tobacco Smoking Glass Pipe Gorgeous Bowl Collectible Handmade Pipes,1349,Brand New,0,True,0
"Freezable Glass Pipe 4"" Glycerin Tobacco Smoking Bowl (Pink)",999,Brand New,0,False,0
Yeti Boomer 4 Dog Bowl Set of Two,5000,Pre-Owned,500,False,0
2 PACK 4.5‚Äù INCH SPOTTED Tobacco Smoking THICK HEAVY Glass Hand Pipe Bowl+SCREEN,1497,Brand New,0,False,853
60Pc Bowl Screens for 14MM Glass Bowl Stainless Steel Adjustable Bowl Screens,1399,Brand New,0,True,0
Karat 32 oz PET Tamper Resistant Hinged Salad Bowl with Dome Lid - 240 sets,10680,Brand New,0,False,0
"Spode Woodland Turkey Soup Tureen, 96oz",12000,Brand New,0,True,0
14mm WOWZA Glass Slide Bowl w/ built-in screen Tobacco Glass Slide Bowl 14 mm,1995,Brand New,0,False,0
3X 14MM Male Metal Bowl For Water Pipe Hookah Bong Hookah Water Replacement Head,999,Brand New,0,False,144
"5"" Handmade Heavy Thick Fumed Green Swirl Tobacco Smoking Bowl Glass Pipes",1839,Brand New,0,False,0
4 inch Handmade Thick Blue Dream Weaver Tobacco Smoking Bowl Glass Pipes,1199,Brand New,0,False,0
( Pack of 9 ) 9-Hole Glass Bowl for Silicone Smoking Pipe Glass Replacement Bowl,1349,Brand New,0,True,0
18mm SPOTTED BLACK HORN Glass Tobacco Glass Slide Bowl w/ built-in screen 18 mm,1995,Brand New,0,False,0
"Japanese Rice Soup Noodle Bowl 6""D Porcelain Lucky Koi Carp Black Made in Japan",1695,Brand New,0,False,81
14mm JUST ENOUGH SWIRL Tobacco Slide Bowl SMALL BOWL THICK 14 mm male,1495,Brand New,0,False,0
14mm Blue Swirl Horned Bowl - High Quality - Built In Screen - Thick Glass,1099,Brand New,0,False,0
5x 14mm Male Glass Bowl For Water Pipe Hookah Bong Replacement Head HIGH QUALITY,1089,Brand New,0,False,0
"4.75"" Handmade Thick Round Center Marble Red Tobacco Smoking Bowl Glass Pipes",1699,Brand New,0,False,0
"5"" GLOW HAMMER PIPE COLLECTIBLE TOBACCO GLASS SMOKING HERB BOWL HAND PIPES",999,Brand New,,True,0
Phoenix Star 14mm Glass Bong Bowl With 7-hole Filter Screenüî•üéÜüí®üåüüí•üöÄü™ê üååüåéüåû,1250,Brand New,0,False,0
"Buy-3-Get-1-FREE - Microwavable Bowl Holder - READ ORDERING DETAILS, 100% COTTON",650,New without tags,0,True,314
5.5 in Handmade Blue Horizon Large Heavy Spike Tobacco Smoking Bowl Glass Pipes,2299,Brand New,0,False,0
14mm FLAMING VORTEX Glass Slide Bowl w/ built-in screen Tobacco Glass Slide Bowl,2495,Brand New,0,False,0
"4"" Mini Glass Bong Smoking Tobacco Glass Water Pipe with 14mm Bowl & Decent Box",1419,Brand New,0,True,0
"4.5"" Handmade Thick Color Changing Dark Crown Tobacco Smoking Bowl Glass Pipes",1699,Brand New,0,False,0
"2PCS (Blue+Black) SILICONE PIPE 4.3""  W/ GLASS BOWL & Clean Tool-HoneyComb Bee",1299,Brand New,0,False,0
4.25 inch Handmade Fumed Mushroom Midnight Blue Tobacco Smoking Bowl Glass Pipes,1759,Brand New,0,False,0
"Freezable Glass Pipe 4"" Glycerin Tobacco Smoking Bowl (Blue)",1499,Brand New,0,False,0
"5"" Handmade Long Golden Spiral Tower Tobacco Smoking Bowl Small Glass Pipes",1499,Brand New,0,False,0
Skull Metal Magnetic  14mm Male Bowl for Water Pipe Glass Bong,1280,Brand New,0,True,0
3.5 inch Handmade Color Changing Deep Blue Tobacco Smoking Bowl Glass Pipes,1099,Brand New,0,False,0
1x 14mm Blue Glass SNOWFLAKE SCREEN Slide BOWL Male for Glass Water Pipe Bong,999,Brand New,0,False,0
3.75 inch Handmade Obsidian Square Rectangle Tobacco Smoking Bowl Glass Pipes,1839,Brand New,0,False,0
14mm Slide Bowl Deep Pure QRTZ party Bowl 6-Slits Screen Water Pipe Slide ‚ú®‚ú®‚ú®‚ú®‚ú®,1585,Brand New,,True,0
"4.5"" Tobacco Smoking Pipe Bowl Glass Hand Pipes Yellow Flower",1488,Brand New,0,True,0
"3.5"" Handmade Heavy Thick Obsidian Dark Blue Square Tobacco Smoking Bowl Pipes",1679,Brand New,0,False,0
"10"" Handmade Smooth Black Ring Gandalf Sherlock Tobacco Smoking Bowl Glass Pipes",1889,Brand New,0,False,0
"4.5"" Tobacco Smoking Pipe Bowl Glass Hand Pipe Pink Flower",1475,Brand New,0,True,0
4''Tobacco Pipe Smoking Pipe Glass Bowl Collectible Handmade Pipes,1189,Brand New,0,False,0
10 Inch Bongs Clear Glass Bong Smoking Hookah Heavy Glass Water Pipes 14mm Bowl,1599,Brand New,0,True,0
"4.3"" Mini Glass Bong Smoking Tobacco Glass Water Pipe with 14mm Bowl and Box",1889,Brand New,0,True,0
"Handle Cosmic Sound Bowl G Throat Chakra Quartz Crystal Singing Bowl 6""",17599,Brand New,0,False,0
"Karat 24oz PET Plastic Salad Bowl - 300 ct, FP-BR24-PET",4950,Brand New,0,False,0
Shop on eBay,2000,Brand New,,False,
Shop on eBay,2000,Brand New,,False,
"Grail Clear Sound Bowl Colored F Heart Chakra Quartz Crystal Singing Bowl 6""",17599,Brand New,0,False,0
"CVNC 432Hz Set  Chakra 7-12"" 7pcs Crystal Singing Bowl Sound Healing Bath Reiki",33264,Brand New,0,False,26
Wedgwood Queen's Plain Rimmed Soup Bowls 8.25 dia set of 6 ~ EUC,5000,Pre-Owned,2115,False,0
Shan bao 5W-5/8  yellow aluminum LED spotlight cup  replaceable flashlight cup,1100,Brand New,800,False,
4 Inch Demon Tobacco Smoking Glass Pipe Gorgeous Bowl Collectible Handmade Pipes,1529,Brand New,0,True,0
Milk bottle Glass Pipe Smoking Bowl Smoke Hand Spoon Pipe Tobacco Pipe,1299,Brand New,499,True,0
The Rosa Glass Pipe Smoking Hand Spoon Pipe Tobacco Glass Smoke Bowl Gift,1499,Brand New,499,True,62
"5"" Handmade Thick Color Changing Mystery Vortex Tobacco Smoking Bowl Glass Pipes",1899,Brand New,0,False,0
Mason Cash In The Meadow S24 (2.15 Qt) Mixing Bowl | Tulip,3895,Brand New,0,False,
4‚Äù INCH TOBACCO Smoking Glass Pipe Bowl TWIST COLLECTIBLE Hand Pipes,1499,Brand New,0,True,214
14mm JUST ENOUGH MULTI Tobacco Slide Bowl SMALL BOWL THICK 14 mm male,1495,Brand New,0,False,0
The Sunflower Glass Pipe Smoking Hand Spoon Tobacco Bowl,1499,Brand New,499,True,
"Handle Clear Colored Sound Bowl F# Thymus Chakra Quartz Crystal Singing Bowl 6""",15839,Brand New,0,False,0
"Clear Sound Bowl Color Design C# Adrenals Chakra Quartz Crystal Singing Bowl 7""",15839,Brand New,0,False,0
"Replacement Lid for Pyrex 4-CUP Storage Cover 6"" Bowl 7201-PC FUCHSIA (4-Pack)",1099,Brand New,0,True,0
"Sound Bowl Colored Design C# Adrenals Chakra Quartz Crystal Singing Bowl 6""",14079,Brand New,0,False,0
1Pc Random Bong Smoking Hookah Pipe Glass Water Pipe Bong Bubbler + Glass Bowl,1519,Brand New,0,True,268
"13"" Handmade Thick Long Black Gandalf Sherlock Tobacco Smoking Bowl Glass Pipes",2699,Brand New,0,False,0
9''Hookah Glass Water  Bong Thick Bubbler Percolator Beaker Green with 14mm Bowl,1980,Brand New,0,True,0
"3"" Tobacco Smoking Pipe Bowl Heavy Rectangle Style Glass Hand Pipe Swirl Blue",1041,Brand New,0,True,0
"4"" Handmade Glass Tobacco Spoon Smoking Bowl, Pipe,",895,,0,True,0
8 Qt Stainless Steel Mixing Bowl Kitchen Food Prep Mixing Bowl,1295,Brand New,0,True,0
"( Pack of 8 ) 3.5"" Silicone Tobacco Smoking Pipe with Lid Black Hand Pipes Bowl",1979,Brand New,0,True,0
1x 14mm Green Glass SNOWFLAKE SCREEN Slide BOWL Male for Glass Water Pipe Bong,999,Brand New,0,False,0
8Pc 18MM Male Glass Bowl For Water Pipe Hookah Bong Replacement Head US Shipping,1059,Brand New,0,True,0
11 Inch Bongs Red Tree Glass Bong Smoking Hookah Glass Water Pipes 14mm Bowl,1979,Brand New,0,True,0
18mm SPOTTED BLUE HORN Glass Tobacco Glass Slide Bowl w/ built-in screen 18 mm,1995,Brand New,0,False,0
"7.5"" Handmade Green Elder Oak Sherlock Gandalf Tobacco Smoking Bowl Glass Pipes",1999,Brand New,0,False,0
"Rock Pattern Design Sound Bowl F Heart Chakra Quartz Crystal Singing Bowl 6""",19999,Brand New,0,False,6
"Clear Sound Bowl Colored G Throat Chakra Quartz Crystal Singing Bowl 6""",14079,Brand New,0,False,0
"Cosmic Color Sound Bowl Tuned Chakra Set of 7 Quartz Crystal Singing Bowl 6-10""",158400,Brand New,0,False,0
CVNC 432Hz Clear Crystal Singing Bowl Quartz Alchemy  Sound Heal/Meditation/Yoga,7800,Brand New,5500,False,
16.5 Glass Bong Glass Water Bongs Bowl Tornado Percolate Pipe Hookahs 18mm Bowl,2999,Brand New,0,False,0
"4"" Tobacco Smoking Pipe Bowl Glass Hand Pipe Skull Black",999,Brand New,0,True,0
13 in Handmade Gold Pure Blue Gandalf Sherlock Tobacco Smoking Bowl Glass Pipes,2699,Brand New,0,False,0
"3.5"" Handmade Thick Pure Blue Chrono Sphere Orb Tobacco Smoking Bowl Glass Pipes",1099,Brand New,0,False,0
New ListingIKEA VARMBLIXT Green Glass Donut Shape Serving Bowl by Sabine Marcelis,11999,Brand New,999,False,
"6"" Collectible Dark Blue Triple Bowl Tobacco Hand Smoking Spoon Glass Pipe",1499,Brand New,0,False,0
"Cosmic Clear Sound Bowl F# Note Thymus Chakra Quartz Crystal Singing Bowl 8""",21999,Brand New,0,False,0
Karat 16 oz PET Tamper Resistant Hinged Salad Bowl with Dome Lid - 240 sets,9000,Brand New,0,False,0
"Freezable Glass Pipe 4"" Glycerin Tobacco Smoking Bowl (Purple)",1499,Brand New,0,False,0
Tobacco Smoking Pipe Bowl Pipe  Tobacciana,1099,Brand New,0,True,0
( Pack of 2 ) 14mm Glass Round Male Bowl Piece & Downstem for Glass Bong Pipe,1009,Brand New,0,True,0
Yeti Boomer 8 Dog Bowl 2Pack,6000,Pre-Owned,500,False,17
4 Inch Tobacco Smoking Silicone Pipe 9-Hole Glass Bowl Hand Pipe Collectible,1199,Brand New,0,True,0
"5"" Handmade Thick Marble Blue Eye of Hurricane Tobacco Smoking Bowl Glass Pipes",1699,Brand New,0,False,0
"5"" Handmade Thick Midnight Blue Cosmic Sherlock Tobacco Smoking Bowl Glass Pipes",1899,Brand New,0,False,0
"3Pack  4""  (insert 2.8'') Downstem +14mm Male Round Bowl",1380,Brand New,0,True,0
"12"" Handmade Thick Dark Blue Gandalf Sherlock Tobacco Smoking Bowl Glass Pipes",2559,Brand New,0,False,0
"3.5"" Handmade Thick Obsidian Dark Blue Square Tobacco Smoking Bowl Pipes",1679,Brand New,0,False,0
1x 14mm BLACK Glass SNOWFLAKE SCREEN Slide BOWL Male for Glass Water Pipe Bong,999,Brand New,0,False,0
14mm Male Slide Tobacco Bowl Glass  for Water Pipes - BW07 Gold Fummed Sp-Blue,1275,,0,True,0
"Hand-Carved Sheesham Wood Tobacco Pipe, Stone Bowl ‚Äì Elegant & Functional",1270,Brand New,0,True,0
The Sunflower Glass Pipe Smoking Hand Spoon Pipe Tobacco Glass Smoke Bowl Gift,1499,Brand New,499,True,0
"13"" Handmade Thick Smooth Blue Gandalf Sherlock Tobacco Smoking Bowl Glass Pipes",2699,Brand New,0,False,0
"5"" Handmade Thick Color Changing Sapphire Blue Tobacco Smoking Bowl Glass Pipes",1679,Brand New,0,False,0
"American Atelier Soup Bowls with Handles Set of 4, 16 Oz - Assorted Colors",2999,Brand New,0,True,0
"4.75"" Handmade Thick Round Center Marble Green Tobacco Smoking Bowl Glass Pipes",1699,Brand New,0,False,0
Glass Slide Bowl/Stem Replacement Male 9mm/10mm for Water Pipe 3 In With O Ring,799,Brand New,0,False,96
"4.3"" Clear Gray Glass Smoke Bowl Smoking Pipes Slim Tobacco Bowls Handmade Pipe",1199,Brand New,0,False,0
"4.5"" Gliizy Glycerin FREEZABLE High Quality Hand Pipe Spoon Bowl - GREEN PURPLE",2999,Brand New,0,False,0
13inch  Glass Heavy Bong Hookah Water Pipe Heavy Beaker 14mm Bowl in Blue,3900,Brand New,0,True,0
"Cannly Premium Honey Comb Bowl [10mm, 14mm, 18mm Male Joint]",1299,Brand New,0,True,
"5.25"" Tobacco Smoking Bowl Pipe Glass Hand Pipes Hammer Clear",1339,Brand New,0,True,0
Ramen Bowl Set Microwave  Ramen Cooker Instant Noodles Bowl  With Chopsticks,888,Brand New,0,False,
Artland Pearl Ridge 88 oz Trifle Bowl,2999,Brand New,0,True,0
"14mm Duel Flower Glass Bowl - Blue - Unique, High Quality, Thick Glass",1599,Brand New,0,False,0
"6"" Small Glass Bong with Travel Box Smoking Tobacco Water Pipe 14MM Glass Bowl",2069,Brand New,0,True,0
"5"" Glass Pipe Bowl Eggplant Blue Purple",1399,Brand New,0,False,0
Teddy Bear  Silicone Pipe Glass Bowl Tobacco Smoking Spoon Pipe Funny,569,Brand New,499,False,0
Silicone Hand Pipe Glass Replacement Bowl (9 Hole Honeycomb Screen) Lot of 2,675,Brand New,0,False,0
3PCS Diamond Glass Slide Bowl Water Pipe Hookah 14mm Male Bowl,1480,Brand New,0,True,0
"11"" Glass Bong Smoking Hookah Water Pipe Heavy Tobacco Beaker With 14mm Bowl",1899,Brand New,0,False,0
"5"" Handmade Thick Trident Ocean Green Bubble Tobacco Smoking Bowl Glass Pipes",1759,Brand New,0,False,0
"Colored Clear Sound Bowl Chakra Set of 7  Quartz Crystal Singing Bowl 6-8""",158312,Brand New,0,False,0
MISTY Bolex Toilet Bowl Cleaner and Urinal Cleaner- 32 oz (Case of 12),4999,Brand New,0,False,0
Shop on eBay,2000,Brand New,,False,
Shop on eBay,2000,Brand New,,False,
"Clear Sound Bowl Flower Design C# Adrenals Chakra Quartz Crystal Singing Bowl 7""",19359,Brand New,0,False,0
"Mauviel M'Urban 3 Stainless Steel Lid With Cast Stainless Steel Handle, 7.1-in",2247,New other (see details),0,False,0
"CVNC432Hz 6-12"" Alchemical Symbol Set Crystal Singing Bowl W/ Bags Sound Healing",30599,Brand New,22000,False,0
"Cosmic Handle Clear Sound Bowl G# Zeal Chakra Quartz Crystal Singing Bowl 6""",19359,Brand New,0,False,0
4 Inch Tobacco Smoking Silicone Pipe 9-Hole Glass Bowl Hand Pipe Collectible,1199,Brand New,0,True,0
14mm VIOLET FOG Glass SLIDE Bowl Tobacco Glass Slide Bowl 14 mm,1895,Brand New,0,False,0
Gandalf Tobacco Smoking Bowl Boro Glass Pipes Handmade,2195,Brand New,0,False,32
"2x - 3"" Glass Spoon Hand Pipes Tobacco Bowls - Assorted Colors 004",1075,,0,True,0
"COLLECTIBLE 4.5 "" Thick Smoking Glass Hand Pipe Spoon Pipe Heavy Hand Pipe Bowl.",997,Brand New,0,False,72
14mm CLEAR SHOTS GLASS Slide Bowl SNOWFLAKE SCREEN slide bowl 14 mm male,1495,Brand New,0,False,0
Grav 10mm Cup Bowl - Male,1699,Brand New,0,True,0
5Pcs14mm Male Bowl Set Replacement for Hookah Water Pipe Glass Bong Smoking Pipe,1199,Brand New,0,False,121
"Cosmic Handle Clear Sound Bowl G# Zeal Chakra Quartz Crystal Singing Bowl 6""",19359,Brand New,0,False,0
Cozy Stainless Steel Kitchen Sink 27'' Single Bowl Overmount in Brush Nickel,8075,Brand New,0,False,0
"Handle Clear Sound Bowl G Tone Throat Chakra Quartz Crystal Singing Bowl 6""",17599,Brand New,0,False,0
"Frosted Sound Bowl F Heart Chakra Quartz Crystal Singing Bowl 10""",6999,Brand New,0,False,0
"Japanese Rice Bowl Soup Salad Snack 6""D Porcelain Grey Ume Blossom Made in Japan",1695,Brand New,0,False,67
"Lime Green Unbreakable Silicone Tobacco Pipe, Single Hole Glass Bowl USA SELLER",999,Brand New,0,False,0
4 ‚ÄúTobacco Smoking Pipe Bowl Heavy Rectangle Style Glass Hand Pipe  Assorted ,895,Brand New,0,True,0
Natural Stone Bowl,2799,Brand New,0,True,0
Colorful Glass Slide Bowl 14mm Water Pipe Hookah Head Piece Thick Slide Bowl,999,Brand New,0,False,0
4 Inch Tobacco Smoking Glass Pipe Handmade Pipes Gorgeous Bowl Collectible,1499,Brand New,0,True,0
18mm Slide Bowl Deep Pure QRTZ party Bowl 6-Slits Screen Water Pipe Slide ‚ú®‚ú®‚ú®‚ú®‚ú®,1585,Brand New,,True,0
14mm SOLAR FLARE Glass Slide Bowl w/ built-in screen Tobacco Glass Slide Bowl,1995,Brand New,0,False,0
8inch Glass Bong Glow in the Dark Hookah Water Pipe Bowl Pipe Beaker USA,1299,Brand New,0,True,0
"(2) Black & Green Unbreakable Silicone Tobacco Pipe, Glass Bowl USA SELLER",1590,Brand New,0,False,0
14mm Glass ART Bowl X Screen Upward Handle thick NorthStar glass ‚ú® üåü‚≠ê üéÜüí•,1985,Brand New,0,False,0
"16"" Heavy Glass Bong 9mm Thick Bongs Water Pipe Beaker W/14mm Bowl Glass Hookah",2999,Brand New,500,True,0
"Cosmic Handle Clear Sound Bowl G Throat Chakra Quartz Crystal Singing Bowl 6""",19359,Brand New,0,False,0
"Cosmic Sound Bowl Colored  G Note Throat Chakra Quartz Crystal Singing Bowl 6""",18479,Brand New,0,False,0
"Clear Sound Bowl Blue Color G Throat Chakra Quartz Crystal Singing Bowl 6""",14079,Brand New,0,False,0
"Clear Sound Bowl Color Design G Throat Chakra Quartz Crystal Singing Bowl 8""",17599,Brand New,0,False,0
Set of 4 French Onion Soup Crocks 12 oz Brown & Ivory Ceramic Porcelain Bowls,1995,Brand New,0,True,274
"4"" Mini Glass Bong Smoking Tobacco Glass Water Pipe with 14mm Bowl & Decent Box",1709,Brand New,0,True,0
14mm Male Glass Bowl For Water Pipe Hookah Bong  Replacement Head [HIGH QUALITY],139,Brand New,451,False,0
"Four (4) Pioneer Woman ~ FOLK GEO ~ 8.75"" Dia. ~ Melamine ~ 42 Ounce Dinner Bowl",3200,Brand New,0,False,0
7.5 inch Handmade Thick Green Atomic Sherlock Tobacco Smoking Bowl Glass Pipes,1999,Brand New,0,False,0
"10.5"" Handmade Green Long Sherlock Gandalf Tobacco Smoking Bowl Glass Pipes",2699,Brand New,0,False,0
"Cosmic Clear Sound Bowl A# Note Pineal Chakra Quartz Crystal Singing Bowl 7""",15839,Brand New,0,False,0
"Mauviel M'Cook CI 2.6mm Sauce Pan With Lid & Cast Iron Handle, 2.6-Qt",13017,New other (see details),0,False,0
New ListingAnthropologie Mini Matte Latte Bowls Set of 4 - Guacamole Green Discontinued NIB,3800,New other (see details),0,False,0
"4"" TIGGER GLASS Tobacco Smoking glass Pipe Bowl THICK glass Pipes",1495,Brand New,0,False,0
New ListingScalloped White Decorative Tabletop Bowl,1247,Brand New,0,False,
"New ListingMorandi Color Large Ceramic Bowls Set of 4, 30 Ounce Cereal, Soup, Salad,",3360,Brand New,0,False,
18mm to 14mm Slide BOWL ADAPTER Tobacco Slide Bowl,1295,Brand New,0,False,0
( Pack of 6 ) 14MM Male Glass Bowl For Water Tobacco Pipe Bong Replacement Head,1529,Brand New,0,True,0
2PCS Portable Random Color Honeycomb Silicone Pipe with Glass Bowl and Cap,1299,Brand New,0,False,0
"4.5"" Handmade Thick Heavy Elemental Twist Green Tobacco Smoking Bowl Glass Pipes",1759,Brand New,0,False,0
Metal Tobacco Chamber Smoking Pipe Solid Brass nickel plated Long Pipe Bowl,1899,Brand New,0,False,0
"4.5"" Handmade Thick Dark Blue Log Two Frog Mate Tobacco Smoking Bowl Glass Pipes",1759,Brand New,0,False,0
10.5in  Glass Bong Heavy Smoking Tornado Hookah Percolate Water Pipe W/18mm Bowl,3999,Brand New,0,True,0
5 inch Handmade Nature Orange Perfect Marble Tobacco Smoking Bowl Glass Pipes,1759,Brand New,0,False,0
"4.25"" Handmade Thick Dark Blue Color Changing Tobacco Smoking Bowl Glass Pipes",2499,Brand New,0,False,0
4 inch Handmade Dichroic Dark Blue Marble Tobacco Smoking Bowl Glass Pipes,1699,Brand New,0,False,0
4.5‚Äù Glass Pipe Bowl Hand Pipe Green,1499,Brand New,0,False,0
"13"" Heavy Glass Bong Percolator Water Pipe Smoking Hookah 14mm Bowl Thick Beaker",3199,Brand New,0,False,0
"10"" Handmade Smooth Green Ring Gandalf Sherlock Tobacco Smoking Bowl Glass Pipes",1899,Brand New,0,False,0
Unbreakable Cereal Bowls 24 Oz Plastic Bowls Reusable Light Weight Bowl Set of 6,1096,Brand New,0,True,26
5PCS 3.4'' Mini Silicone Smoking Hand Pipe with Metal Bowl & Cap Lid Pocket Pipe,939,Brand New,0,False,
4.5 Inch Tobacco Smoking Silicone Pipe 9-Hole Glass Bowl Hand Pipe Collectible,1139,Brand New,0,True,0
 SILICONE SMOKING PIPE W/ GLASS BOWl US SELLER SAME DAY SHIP,949,Brand New,0,True,0
14mm Thick Heavy Double Bowl Clear Glass Adapter Piece,1199,Brand New,0,True,0
60Pc Bowl Screens for 14MM Glass Bowl Stainless Steel Adjustable Bowl Screens,1259,Brand New,0,True,0
5 inch Handmade Blue Red Standing Sherlock Tobacco Smoking Bowl Glass Pipes,1999,Brand New,0,False,0
Portmeirion Pomona 6.5 Inch Oatmeal Bowl | Set of 6 with Assorted Motifs,6999,Brand New,0,True,0
4.5 Inch Tobacco Smoking Silicone Pipe 9-Hole Glass Bowl Collectible Hand Pipe,1349,Brand New,0,True,0
4.5 in Handmade Blue White Confetti Claw Tobacco Smoking Bowl Glass Pipes - US,1679,Brand New,0,False,0
10 inch Smoking Hookah Glass Bong Water Pipe Percolator Bongs Bubbler w/ Bowl,3099,Brand New,0,False,112
18mm to 14mm Compact Glass Bowl Adapter Glass Water Pipe,999,Brand New,0,False,0
14mm Glass Thick Screen Slide BOWL Male for Water Pipe Bong (1 - ONE) Green,1581,Brand New,0,False,0
( 9 Pack ) 9-Hole Glass Bowl for Silicone Tobacco Smoking Pipe Replacement Bowl,1499,Brand New,0,True,0
Phoenix ‚≠ê 14mm Thick Glass Bowl Transparent Black Honeycomb Screen ‚ú®üåü üéÜüí•üöÄ,1585,Brand New,0,False,0
10unitsX 18mm Male Glass Bowl For Water Pipe Hookah Bong Replacement Head,1680,Brand New,0,False,0
14mm Male Shatterproof Bowl For Tobacco Water Pipe Green Metal Hookah Piece,715,Brand New,0,False,0
"Chakra Design Color Sound Bowl A Third Eye Chakra Quartz Crystal Singing Bowl 8""",17599,Brand New,0,False,0
"Rock Pattern Design Sound Bowl C Root Chakra Quartz Crystal Singing Bowl 7""",19359,Brand New,0,False,0
Shop on eBay,2000,Brand New,,False,
Shop on eBay,2000,Brand New,,False,
Dog & Cat floating water bowl,1999,Brand New,0,False,
"Mauviel M'Cook B 5-Ply Polished Stainless Steel Sauce Pan, 3.4-qt",13098,New other (see details),0,False,0
"Plates and Bowls Sets Dishes Set for 4 , Ceramic Plates and Bowls Set, GIFT",8700,Brand New,4434,False,0
"Handle Cosmic Green Clear F# Thymus Chakra Quartz Crystal Singing Bowl 8""",26399,Brand New,0,False,0
"New ListingCorninware P-150-B, 15oz, Grab-It-Bowl, Pre-Owned, No Lid or Box",1599,Pre-Owned,0,True,0
"2x 3"" Inch Tobacco Mini Sherlock Twisted Style Glass Bowl Pipe (All Different)",875,Brand New,0,True,0
"6"" Handmade Mystery Spike Standing Sherlock Tobacco Smoking Bowl Glass Pipes",2099,Brand New,0,False,0
3 in Handmade Fumed Fluffy Pink Spiral Tobacco Smoking Bowl Spoon Glass Pipes,998,Brand New,0,False,0
10 inch Handmade Deep Blue Gandalf Sherlock Tobacco Smoking Bowl Glass Pipes,2069,Brand New,0,False,0
"2PCS (Black+Black) SILICONE PIPE 4.3""  W/ GLASS BOWL & Clean Tool-HoneyComb Bee",1299,Brand New,0,False,0
"10"" Handmade Blue Snake Flute Charm Steam Roller Tobacco Smoking Bowl Glass Pipe",2079,Brand New,0,False,0
20Pcs 9Holes Glass Bowl Replacing For Silicone Smoking Pipe Cigarette Accessorie,1888,Brand New,0,False,0
"Clear Sound Bowl F Note Heart Chakra Quartz Crystal Singing Bowl 6""",13999,Brand New,0,False,
"Clear Sound Bowl Orange Color D# Sexual Chakra Quartz Crystal Singing Bowl 7.5""",15839,Brand New,0,False,0
"Replacement Lid for Pyrex 4-CUP Storage Cover 6"" Bowl 7201-PC FUCHSIA (2-Pack)",999,Brand New,0,True,0
"Clear Sound Bowl Blue Design G Throat Chakra Quartz Crystal Singing Bowl 6""",15999,Brand New,0,False,
14mm Aluminum Metal BLACK bowl slide  water pipe bong Unbreakable,899,Brand New,0,False,0
Primium 14mm Green Thick Glass Octopus Bong Bowl Head Piece Bong Bowl Holder,1380,Brand New,0,True,0
4 Inch Colorful Tobacco Smoking Glass Pipe THICK HEAVY Spoon Hand Pipe Bowl,1436,Brand New,0,False,182
"6-Pack Sturdy RED Cereal Bowls 6.5"" Wide BPA-FREE Plastic FAST FREE SHIPPING",1095,Brand New,0,False,0
( 3 PACK ) 14MM Male Glass Bowl For Water Tobacco Pipe Bong Replacement Head USA,1079,Brand New,0,True,71
"Premium 12"" Clear Thick Glass Hookah Water Pipe Bong with 14mm Bowl",2480,Brand New,0,True,0
"10"" Heavy Duty Glass Beaker Bong Water Smoking Tobacco Pipe 14MM Bowl 10 Screens",2069,Brand New,0,True,0
Gallant Greeb - Hookah Gravity Bong Bowl Water Bottle Bong Smoking Pipe,2299,Brand New,484,False,74
"4"" Handmade Thick Heavy Bright Gold Marble Tobacco Smoking Bowl Glass Pipes",1439,Brand New,0,False,0
4 inch Handmade Thick Red Stream Wrapped Tobacco Smoking Bowl Glass Pipes,1259,Brand New,0,False,0
Tibetan Singing Bowl Set~3 inch Special portable design suitable for Meditation.,1499,Brand New,0,False,
New Listing32-Ounce Disposable Oval Serving Bowls for Snacks and Salads,3200,Brand New,0,True,
"Cosmic Sound Bowl Blue G Note Throat Chakra Quartz Crystal Singing Bowl 6""",18479,Brand New,0,False,0
"Mauviel M'COOK B Sauce Pan With Brass Handles, 3.4-Qt",12960,New other (see details),0,False,0
"Small Wood Dough Bowl, bread trencher, 2956",1500,,684,False,9
"Clear Sound Bowl Colored G Throat Chakra Quartz Crystal Singing Bowl 7""",15839,Brand New,0,False,0
"Premium Thick Glass 8"" Inch Clear Glass Hookah Water Pipe Bong with 14mm Bowl",1780,Brand New,0,True,0
"8"" Handmade Nature Green Oak Gandalf Sherlock Tobacco Smoking Bowl Pipes",2699,Brand New,0,False,0
"4.3"" Small Glass Bong with Solid Box Smoking Tobacco Glass Water Pipe 14MM Bowl",2099,Brand New,0,True,0
18mm Glass Round Slide BOWL Male for Glass Water Pipe Bong GREEN (1 - ONE),981,Brand New,0,False,78
"SILICONE SMOKING PIPE 4.3""  With GLASS BOWL and Clean Tool Ship from USA (Red)",999,Brand New,0,True,0
Handmade The Hotdog Glass Smoking Pipe Tobacco Pipe Glass Smoke Bowl,1499,Brand New,499,True,0
Ring 2017 2025 Philadelphia ring Eagles super bowl FREE SHIPPING,1999,Brand New,0,False,
Baasha Shampoo Bowl and Chair Set for Salon Professional Shampoo Chair with Bowl,31999,Brand New,0,True,0
"3X Metal Smoking Pipes , Black And Red + Tobacco Screens For Bowl SAME DAY SHIP",1269,Brand New,0,True,0
Glass Funnel Bowl Glass Slide Bowl with 6 Holes Honeycomb Screen 14mm male Blue,704,Brand New,0,True,683
Glass Smoking Pipes Blind Box Mystery Tobacco Bowls Smoke Tobacco Bowl Pipe Gift,1999,Brand New,0,False,
"5.25"" Tobacco Smoking Bowl Pipe Glass Hand Pipes Hammer Teal",1339,Brand New,0,True,0
New Listing18mm SHOT Glass Slide Bowl SNOWFLAKE SCREEN Tobacco glass slide bowl 18 mm,1495,Brand New,0,False,0
"4"" TANGERINE TIGER Tobacco Smoking Pipe Bowl THICK Pipes",1495,Brand New,0,False,0
"10"" Handmade Color Changing White Sherlock Tobacco Smoking Bowl Glass Pipes",1839,Brand New,0,False,0
"3"" Elephant Tobacco Smoking Glass Bowl Pipe 07",829,Brand New,0,True,0
"MIYA Aoi Nagashi 5.25"" Ceramic Rice Bowl Earthy Brown & Ocean Blue Made in Japan",1499,Brand New,0,False,0
"8"" Glass Bong Glow in the Dark Hookah Water Pipe Bowl Pipe Beaker USA",1299,Brand New,0,True,0
20PCS Affordable Replacement Glass Bowls 9 Hole Glass Bowl Pipe Accessories,1699,Brand New,0,False,0
3.5 inch Handmade Color Changing Swirl Green Tobacco Smoking Bowl Glass Pipes,1199,Brand New,0,False,0
14mm Glass Bowl Handle Twisted Cane 4 Hole Screen thick NorthStar glass üî•üéÜüí®üí•,1885,Brand New,0,False,0
6 pc Glass Serving Bowl Set Cereal Bowl Snacks Sauce Ice Cream Bowl 10 oz Bowls,2995,Brand New,0,False,0
TRIFLE BOWL with LID & Pedestal - GLASS~Elegant  100oz~ Bridal/ Wedding~Holidays,2888,Brand New,2954,False,15
20PCS Multi-Count Replacement - 9 Hole Clear Glass Bowl 16mm General Purpose,1699,Brand New,0,False,0
"SILICONE SMOKING PIPE 4.3""  With GLASS BOWL and Clean Tool-HoneyComb Bee (Blue)",999,Brand New,0,True,0
"4"" BLUE NINJA Tobacco Smoking Glass Pipe bowl SPIRAL Glass pipes",1695,Brand New,0,False,0
"6"" Tobacco Smoking Pipe Bowl Glass Hand Pipes Lollipop Swirl Green",899,Brand New,499,False,
"4"" Premium Glass Pipe Bowl Butterfly Clear Purple",1799,Brand New,0,False,0
5‚Äù Premium Glass Pipe Bowl Glycerin Love Blue,2499,Brand New,0,False,0
14mm BLUE MARBLE MUSHROOM GLASS SLIDE Tobacco Glass Slide Bowl 14 mm male,2495,Brand New,0,False,0
"5"" Handmade Thick Bubble Red Blue Sherlock Tobacco Smoking Bowl Glass Pipes",1899,Brand New,0,False,0
Ribbon Glass Slide Bowl 14mm Water Pipe Hookah Head Piece Thick Bowl - P770,1099,Brand New,0,False,0
"12"" Heavy Duty Glass Bong Silicone Water Pipe Smoking Tobacco Beaker 14MM Bowl",2069,Brand New,0,True,0
"3pc (5qt, 3qt & 1.5qt) Stainless Steel Non-Slip Mixing Bowls (no lids) -Figmint‚Ñ¢",1800,Brand New,0,False,
"10"" Heavy Duty Glass Bong Glass Water Pipe Smoking Tobacco Pipe Beaker 14MM Bowl",1599,Brand New,0,False,0
Replacement Glass Bowl for Silicone Pipe(Single Hole)(Fits eyce spoon),799,Brand New,0,True,0
"5"" Handmade Thick Bubble Ocean Blue Sherlock Tobacco Smoking Bowl Glass Pipes",1889,Brand New,0,False,0
16in Glass Bong Heavy Glass Water Bongs Bowl Tornado Percolate Pipe Hookahs 1,2816,Brand New,500,True,0
New ListingWood Weave & Wood Bowls Vintage Set Of 4 Beautiful!,2500,Pre-Owned,1328,False,
4inch Mini Glass Bongs Hookah Smoking Tobacco Water Pipe with 14MM Bowl USA SHIP,1880,Brand New,0,True,0
4.5 inch Handmade Midnight Blue Meteorite Rock Tobacco Smoking Bowl Glass Pipes,1439,Brand New,0,False,0
"CRATE & BARREL ANNA'S ARTISTRY BOWLS 5"" W 3"" H",2000,Brand New,700,False,0
Adjustable Shampoo Bowl Portable Salon Barber Basin Hair Washing Sink Drain Hose,7999,Brand New,0,True,0
ALL SINK 32-inch Undermount Workstation Kitchen Sink Single Bowl,19900,Brand New,1821,False,0
Shop on eBay,2000,Brand New,,False,
Shop on eBay,2000,Brand New,,False,
"Cosmic Clear Sound Bowl G Throat Chakra Quartz Crystal Singing Bowl 8""",26399,Brand New,0,False,0
Vintage LE Smith crystal serving bowl,3500,Pre-Owned,1530,False,0
"Clear Sound Bowl B Note Crown Chakra Quartz Crystal Singing Bowl 7""",15999,Brand New,0,False,
"Cosmic Sound Bowl Colored F Note Heart Chakra Quartz Crystal Singing Bowl 6""",17599,Brand New,0,False,0
18PCS 9-Hole Glass Bowl For Silicone Smoking Pipe Glass Replacement Bowl HOT,1588,Brand New,0,True,35
3Packs Colored 14mm Male Glass Bowl For Water Pipe Hookah Bong Replacement Head,1280,Brand New,0,True,0
9.5''  Thick Glass Bong Water Pipe Hookah with 14mm Bowl,2499,Brand New,0,False,0
"4 1/2"" WINDY DAY DICHRO Tobacco Smoking Pipe bowl DICHRO pipes",1695,Brand New,0,False,0
10Pc 14MM Male Glass Bowl For Water Pipe Hookah Bong Replacement Head USA,1399,Brand New,0,True,0
( 20 PACK ) 14MM Male Glass Bowl For Water Tobacco Pipe Bong Replacement Head,2069,Brand New,0,True,0
5 inch Handmade Curvy Green Sherlock Tobacco Smoking Bowl Glass Pipes - US,1519,Brand New,0,False,0
Large Pasta Bowls Colorful Embossed Abstract Designs Set Of 2 You Choose. New.,3299,Brand New,1295,False,
"Cosmic Sound Bowl Colored G Note Throat Chakra Quartz Crystal Singing Bowl 6""",18479,Brand New,0,False,0
"Handle Cosmic Sound Bowl G Throat Chakra Quartz Crystal Singing Bowl 8""",27999,Brand New,0,False,
"PORTABLE SHAMPOO BOWL, USA MADE, GUARANTEE: WON'T CRACK OR PEEL FOR LIFE",19500,Brand New,2344,False,626
"Clear Sound Bowl F Note Heart Chakra Quartz Crystal Singing Bowl 9""",25519,Brand New,0,False,0
Universal 14mm 18mm Hybrid Silicone Glass Bowl - Blacklight Reactive,899,Brand New,0,False,0
"4.5"" Tobacco Smoking Pipe Bowl Glass Hand Pipe 2 Tier Swirl BLR",1475,Brand New,0,True,0
"New ListingWedgwood Paeonia Blush Bowl 4.7"" Set of 4 # 40032142 Boxed with tag",19120,Pre-Owned,1695,False,0
"3.8"" Metal Smoking Pipes Magnetic Lid Zinc Alloy Smoke Bowl Tobacco Iridescent",1295,Brand New,0,True,0
18mm Double Bowl Clear Glass Adapter Piece,1099,Brand New,0,False,0
"Limited Ed. Collectable IKEA HOSTAGILLE Bowl & Lid Brown 7 ¬Ω"" Pumpkin Glass NEW",6900,Brand New,0,False,21
1x 14mm Clear Glass SNOWFLAKE SCREEN Slide BOWL Male for Glass Water Pipe Bong,999,Brand New,0,False,0
"Duralex Made In France Lys Stackable Glass Bowl, Set of 6",2695,Brand New,0,True,
14mm X 18mm Heavy Hipped Male Glass Bowl Piece Tobacco Choose Your Color (2 Pcs),940,Brand New,0,True,0
"3.75"" Handmade Thick Dark Blue Marble Square Tobacco Smoking Bowl Glass Pipes",2499,Brand New,0,False,0
"2.5"" Pink Diamond 14mm Slide Male Bowl for Water Pipe Hookah Bong",985,Brand New,0,True,0
"3.5"" Handmade Mini Color Changing Ocean Green Tobacco Smoking Bowl Glass Pipes",1199,Brand New,0,False,0
5 Pack Cloth Bowl Covers for Bread Rising Reusable Fabric Bowl Covers 4 Size St,2280,Brand New,0,False,0
"Cosmic Sound Bowl Colored G# Zeal Chakra Quartz Crystal Singing Bowl 6""",19359,Brand New,0,False,0
"Cosmic Crystal Sound Bowl G# Zeal Chakra Quartz Crystal Singing Bowl 7""",17599,Brand New,0,False,0
"Ripple Design Clear Sound Bowl F Heart Chakra Quartz Crystal Singing Bowl 6""",17599,Brand New,0,False,0
"4.5"" Handmade Thick Blue Red Colorful Sandstorm Tobacco Smoking Bowl Glass Pipes",1999,Brand New,0,False,0
"STERILITE 14069 8 Pc Covered Bowl Set, White & Blue",1787,Brand New,0,True,0
14mm Thick Teal Colored Horn Glass Honeycomb Bowl Piece,1199,Brand New,0,True,0
"4.5"" Handmade Thick Color Changing Bubbler Sherlock Smoking Bowl Glass Pipes",1199,Brand New,0,False,0
"Glass Downstem Water Pipe Piece 9MM Slide Glass Bowl Hookah - 3.0""",987,Brand New,0,False,0
3X 14MM Male Metal Bowl For Water Pipe Hookah Bong Hookah Water Replacement Head,599,Brand New,0,False,12
"Cosmic Crystal Sound Bowl G Throat Chakra Quartz Crystal Singing Bowl 8""",19359,Brand New,0,False,0
"Clear Color Design C Root Chakra Quartz Clear Crystal Singing Bowl 7""",15839,Brand New,0,False,0
5 inch Handmade Thick Blue Poseidon Trident Orb Tobacco Smoking Bowl Glass Pipes,1699,Brand New,0,False,0
4.5 Inch Tobacco Smoking Silicone Pipe 9-Hole Glass Bowl Collectible Hand Pipe,1129,Brand New,0,True,0
"4.75"" Glass Pipe Bowl Steamroller Blue",1599,Brand New,0,False,0
"10"" Handmade Long Green Color Changing Sherlock Tobacco Smoking Bowl Glass Pipes",1839,Brand New,0,False,0
Corelle Livingware Winter Frost White 20 Ounce Bowl (Set of 6),2499,Brand New,0,True,58
[8 Pack] Whisker-Friendly Cat Bowls - Shallow Wide Pet Food & Water Dishes,1435,Brand New,0,True,
10X 14mm Male Glass Bowl For Water Pipe Hookah Bong Replacement Head,1180,Brand New,0,False,0
"5"" Handmade Thick Fire Red Frozen Blooming Life Tobacco Smoking Bowl Glass Pipes",1999,Brand New,0,False,0
"4.5"" Handmade Metallic Green Spike Sherlock Tobacco Smoking Bowl Glass Pipes",1359,Brand New,0,False,0
14mm Horn Bowl - VERY high quality thick glass built-in screen - blue - ON SALE!,1398,,0,False,0
(((SET OF 2 PCS))) IINHALE¬Æ  4.3'' HEIGHT FUNNEL CLAY BOWL FOR HOOKAH PIPE,1696,Brand New,0,False,108
"4"" Handmade Thick Blood Red Golden Square Rectangle Tobacco Smoking Bowl Pipes",1699,Brand New,0,False,0
2PCS 14mm Bees Thick Male Glass Bowl for Glass Bong Pipe Slide Replacement Parts,1990,Brand New,0,False,0
4Inch Glass Pipe Glass Spoon Pipes Tobacco Smoking Bowl Pipe,999,Brand New,0,False,0
9 inch Handmade Blue Scorpion Steam Roller Tobacco Smoking Bowl Glass Pipes,1889,Brand New,0,False,0
"6"" Handmade Color Changing Purple Frit Sherlock Tobacco Smoking Bowl Glass Pipes",2079,Brand New,0,False,0
14mm Aluminum Metal RED bowl slide Built In Screen water pipe bong Unbreakable,1099,Brand New,0,False,0
( 6 PACK ) 14MM Male Glass Bowl For Water Tobacco Pipe Bong Replacement Head USA,1979,Brand New,0,True,0
1x 14mm Amber Glass SNOWFLAKE SCREEN Slide BOWL Male for Glass Water Pipe Bong,999,Brand New,0,False,0
"4"" BUMBLE BEE Tobacco Smoking Pipe Bowl THICK Pipes",1495,Brand New,0,False,0
"5"" Handmade Thick Midnight Blue Marble Sherlock Tobacco Smoking Bowl Glass Pipes",1709,Brand New,0,False,0
KitchenAid Refurbished Professional 5 Plus Series 5 Quart Bowl-Lift Stand,19999,Certified - Refurbished,0,True,91
15'' Heavy Glass Bong Smoking Hookah Thick Percolate Water Pipe Beaker 14mm Bowl,2789,Brand New,599,False,0
"4"" SOUNDWAVE Tobacco Smoking Pipe Bowl THICK Pipes",1495,Brand New,0,False,0
2PK 4.7inch 14mm Male Pipes Glass Downstem with Bowl Adapter Water Filter Parts,1080,Brand New,0,True,0
Bong Bowl Slide 14MM Glass Bowl With Screen Black Honeycomb Star For Water Pipe,946,Brand New,0,True,0
Glass & Silicone Submarine Water Pipe Bong Hookah Smoking 14mm Bowl USA Shipping,995,Brand New,0,False,0
14mm Glass Round Slide BOWL Male for Glass Water Pipe Bong (1 - ONE),981,Brand New,0,False,160
2 Pack: Glass Downstem With Bowl 14MM Male For Glass Water Pipe Replacement,950,Brand New,0,True,0
Rosewood Churchwarden Gandalf Pipe Long Stem Bent Tobacco Pipe With Accessories,2000,Brand New,0,True,0
"4"" Tobacco Smoking Pipe Bowl Crazy Eyes Glow In The Dark Glass Hand Pipe Red",1211,Brand New,0,True,0
"4.5"" Handmade Thick Neon Color Changing Marble Tobacco Smoking Bowl Glass Pipes",1359,Brand New,0,False,0
New ListingSet Of 3. Purple/ Mauve Terracotta Nesting Mixing Bowls From Tuscany Italy,2600,Pre-Owned,1393,False,
"4.5"" Tobacco Smoking Pipe Bowl Glass Hand Pipe Dual Bowls Owl White",1305,Brand New,0,True,0
"Clear Sound Bowl A# Pineal Chakra Crystal Singing Bowl diameter 10"" height 10""",29040,Brand New,0,False,0
Freestanding Stainless Steel Utility Sink with Cabinet Pull-Out Faucet,17000,Brand New,0,False,0
Shop on eBay,2000,Brand New,,False,
Shop on eBay,2000,Brand New,,False,
"Clear Sound Bowl Colorful F# Thymus Chakra Quartz Crystal Singing Bowl 6""",14079,Brand New,0,False,0
"Colored Design Sound Bowl A Third Eye Chakra Quartz Crystal Singing Bowl 8""",17599,Brand New,0,False,0
Clear Tuned Chakra Set  of 7 Chakra design Quartz Crystal Singing Bowl 6-8 inch,132000,Brand New,0,False,0
"Cosmic Crystal Sound Bowl G# Zeal Chakra Quartz Crystal Singing Bowl 8""",19359,Brand New,0,False,0
13 qt Winware by Winco 16 dia x 4.5 h Stainless Steel Mixing Bowl MXB-1300Q,1649,Brand New,0,False,0
14mm Glass slide bowl Water Pipe Hookah Bong Head Piece One Artic Blue Knob,1199,Brand New,0,False,0
14MM Pink Thick Quality Glass Boob Breast Double Bowl Pipe,1799,Brand New,0,False,22
Front of the House. Monaco 7 oz. Extra wide Rim round Porcelain Bowl Set of 6,10000,Brand New,1561,False,
2Pack 5'' (insert 4inch)Glass Downstem fit 14mm Male Bowl for 9''/10''/12'' Bong,980,Brand New,0,True,0
"4.75"" Handmade Thick Marble Blue White Storm Tobacco Smoking Bowl Glass Pipes",1699,Brand New,0,False,0
4.2‚Äù Metallic Glass Sherlock Holmes Smoke Bowl Smoking Pipes Bowls Blue Pipe,1599,Brand New,0,True,127
"10"" Glass Beaker Bong Ash Catcher Water Smoking Tobacco Pipe 14MM Bowl 10 Screen",2699,Brand New,0,True,0
Seletti Kintsugi Bowl in Porcelain and 24 Carat Gold mod. 2 ‚Ä¶,3900,Brand New,0,False,0
5 Pack Cloth Bowl Covers for Bread Rising Reusable Fabric Bowl Covers 4 Size St,2280,Brand New,0,False,0
"Colored Design Crystal Sound Bowl C Root Chakra Quartz Crystal Singing Bowl 8""",17512,Brand New,0,False,0
"Cosmic Sound Bowl G Colored  Throat Chakra Quartz Crystal Singing Bowl 6""",19359,Brand New,0,False,0
"Cosmic Clear Sound Bowl G Note Throat Chakra Quartz Crystal Singing Bowl 8""",21999,Brand New,0,False,0
14mm FIRE STORM Glass Slide Bowl w/ built-in screen Tobacco Glass Slide Bowl,1995,Brand New,0,False,0
3.5 inch Handmade Thick Mini Pocket Purple Tobacco Smoking Bowl Glass Pipes,1199,Brand New,0,True,0
GLASS TOBACCO PIPE 4.7‚Äù COLORFUL LOLLIPOP DESIGN HAND PIPE. BOWL - FREE SHIPPING,2200,Brand New,0,False,0
"13"" Thick Heavy Glass Bong Quality Hookah Tobacco Smoking Water Pipe 18mm bowl",3299,,0,False,0
1PCS Convenient Random Color Honeycomb Silicone Pipe with Glass Bowl and Cap,939,Brand New,0,False,0
Glass Bong downstem and slide bowl with handle with rubber gasket,997,Brand New,0,False,0
"Lot of 10 Handmade Glass Tobacco Spoon Smoking Bowl Pipes 3""-5"" Multicolor",2999,Brand New,2060,False,0
10 Inch Bongs Green Glass Bong Smoking Hookah Glass Water Pipes 14mm Bowl Beaker,1599,Brand New,0,True,0
"8"" Glass Bong Classic Clear Hookah Water Pipe Bowl Tobacco Pipe Smoking Beaker",1399,Brand New,0,True,0
14mm 90¬∞ Glass Ash Catcher Premium For Glass Bong Hookah Water Pipe Bowl.,1234,Brand New,0,True,54
"GRAV 4"" Octo Taster 16mm Chillum One Hitter Silicone Glass Smoking Bowl - BLACK",1899,Brand New,0,False,
"Cosmic Clear Sound Bowl G# Zeal Chakra Quartz Crystal Singing Bowl 8""",21999,Brand New,0,False,0
"Handle Clear Color Sound Bowl A Third Eye Chakra Quartz Crystal Singing Bowl 7""",17599,Brand New,0,False,0
5x 3.4'' Mini Silicone Smoking Hand Pipe with Metal Bowl & Cap Lid Pocket Pipe,999,Brand New,0,False,311
Metal Smoking Pipes PURPLE w/Lid Bowl Hand Portable Tobacco Smoking Pipe Screens,995,Brand New,0,True,272
12 Pack - 4 Inch (100mm) Ivy Bowls Clear Plastic Shatterproof,2474,Brand New,0,True,
"5"" Handmade Thick Solar Yellow Infinity Spiral Tobacco Smoking Bowl Glass Pipes",1529,Brand New,0,False,0
14mm Lovely Blue Thick Glass Octopus Bong Bowl Head Piece Bong Bowl Holder,1280,Brand New,0,True,0
Wrova 50oz Large Cereal Bowls Set of 4 - Unbreakable Big Plastic Bowls Altern...,1973,Brand New,0,False,0
Primium 14mm Green Thick Glass Octopus Bong Bowl Head Piece Bong Bowl Holder,1380,Brand New,0,True,0
Single Silicone 9-hole Glass Bowl Pipe Set Random Color with 7 Accessories,1414,Brand New,0,False,0
"Cosmic Clear Sound Bowl F# Thymus Chakra Quartz Crystal Singing Bowl 7""",18479,Brand New,0,False,0
2 pack Ty-D-Bol Rust Stain Remover White Sink and Toilet Bowl Rust Cleaner 16 fl,2390,Brand New,0,False,0
9-Hole Glass Bowl For Silicone Smoking Pipe Glass Replacement Bowl (Pack of 18),1598,Brand New,0,True,0
"4"" Glass Smoking Pipe ""Basic Series"" Tobacco Bowl Pocket Pipes Handmade Simple",1199,Brand New,0,True,205
14mm Horn Bowl - VERY high quality thick glass built-in screen - B/W swirl,1528,,0,False,0
14mm Glass Bowl thick Twisted Cane Handle Male Bowl Single Hole Martini Slide,1585,Brand New,0,False,0
"New Listingüáµüá± Polish Pottery Ceramika Wiza Boleslawiec Bowl 7"" ‚Äì Handmade Blue & White",2499,Pre-Owned,1200,False,
"9.3"" Silicone Black Unbreakable Hand Pipes Silicone Smoking Pipe Bowl",1099,Brand New,0,True,0
Coconut Bowl Set with Spoon & Fork: Eco-Friendly Handcrafted Kitchen Serving Set,1095,Brand New,0,True,
Metal Smoking Pipe Aluminum Bowl Nickel Brass Chamber Glass Wood Stone Pipes Lid,1999,Brand New,0,False,0
Pack Of 5 Ceramic Zen Blue Donburi Noodles Cereal Rice Soup Dinner Bowls 38oz,4299,Brand New,0,False,0
5.5 Inch Mini Glass Bong Tobacco Water Pipe Black & White Marble + 14mm Bowl,1295,Brand New,0,False,0
14mm Thick Glass bowl Honeycomb Screen Slide large capacity Male ‚ú®‚ú®‚ú®‚ú®‚ú®,1685,Brand New,0,True,0
"SET 4 RIM SOUP SMALL PASTA BOWL mulberry purple FIESTA 9"" NEW",8999,New (Other),0,False,0
4.5 inch Handmade Thick Vibrant White Violet Tobacco Smoking Bowl Glass Pipes,1599,Brand New,0,False,0
Pfaltzgraff Vintage Folk Art Blue Floral Design on Tan Vegetable Bowl #011,1600,Pre-Owned,1000,False,0
"6"" Blue Dragon Ceramic Ramen Noodle Bowl Gift Set Bowl with Chopsticks and Spoon",2499,Brand New,0,False,0
"GRAV 6"" Gandalfini Sherlock 6"" PREMIUM QUALITY Borosilicate Glass Bowl Hand Pipe",2499,Brand New,0,False,0
16in Glass Bong Heavy 6mm Thick Heavy Bong Green Hookah Water Pipe 14mm Bowl,2999,Brand New,0,True,0
"2 Pack 8.5"" Glass Salad Bowl 57 Oz Large Serving Bowl Set Deep Glass Bowl For",3775,Brand New,0,True,0
4‚Äù INCH RED INFINITY TWIST TOBACCO Smoking Glass Pipe Bowl Hand Pipes,1245,Brand New,0,True,66
7'' Black Marble Glass Water Pipe Glass Hookah Smoking Bong with 14mm Bowl,1495,Brand New,0,False,0
Primium 14mm Thick Glass Blue Yoda Bong Bowl for Water Filter Glass Bong,980,Brand New,0,True,0
5Pcs 14mm Glass Male Bowl & Downstem Replace for Hookah Water Pipe Smoking Bong,1044,Brand New,0,False,0
12 inch Glass Heavy Bongs Bong Hookah Water Pipe Heavy Beaker 14mm Bowl,2780,Brand New,0,True,0
New ListingVintage Tobacco Pipe Bowl Sterling Silver & 14 Kt Gold Plate READ ,4750,Pre-Owned,499,False,
14mm Glass Bowl Screen Thick borosilicate pull-out slide Phoenix star ‚ú® üåü‚≠ê üéÜüí•,1685,Brand New,0,True,23
DART Non-Laminated Foam Dinnerware Bowl 6oz White 125/Pack 8 Packs/Carton 5BWWC,3609,Brand New,0,False,0
Marbleized Mortar and Pestle Set ‚Äì Herb & Spice Grinder Bowl for Kitchen & Bar,1299,Brand New,0,False,0
"4.2"" Cat Kitty Glass Smoking Pipes Cute Smoke Bowl Adorable Brown Tobacco Pipe",1699,Brand New,0,True,0
14mm Glass Round Slide BOWL Male for Glass Water Pipe Bong BLUE (1 - ONE),981,Brand New,0,False,64
6 Inch Holographic Glass Snake Cobra Bong Hookah Rainbow Water Pipe + 14mm Bowl,1795,Brand New,0,False,0
14mm Male Slide Tobacco Bowl Glass  for Water Pipes - BW07 Gold Fummed Green,1275,,0,True,0
Primium 14mm Thick Glass Blue Yoda Bong Bowl for Water Filter Glass Bong,1080,Brand New,0,True,0
"Handle Clear Sound Bowl F Heart Chakra Quartz Crystal Singing Bowl 6""",15999,Brand New,0,False,0
"Cosmic Clear Sound Bowl D# Sexual Chakra Quartz Crystal Singing Bowl 8""",21999,Brand New,0,False,0
Shop on eBay,2000,Brand New,,False,
Shop on eBay,2000,Brand New,,False,
"Sound Bowl Yellow Color E Solar Plexus Chakra Quartz Crystal Singing Bowl 8""",17599,Brand New,0,False,0
Bandana Bowl Built-In Water Bowl  - Travel Dog Water Bowl NEW - FREE SHIPPING,895,Brand New,0,False,
Sapphire cive oval bowl,800,Brand New,1258,False,
"Handle Clear Sound Bowl B Crown Chakra Quartz Crystal Singing Bowl 7""",17999,Brand New,0,False,
Glass Bowl Piece 18MM Slide Bong Water Pipe Slider Snowflake Screen - COLORS,1209,Brand New,0,True,0
2PCS 14MM Male Smoking Bowl Pink Heart Thick Glass Water Pipe Slide Tobacco Bowl,1251,Brand New,0,False,16
"13"" Heavy Glass Bong Percolate 1.9lb Bongs Smoking Hookah Water Pipe 18mm bowl",2689,Brand New,600,False,0
Random 5 inch Silicone Hookah Smoking Water Pipe Bong Bubbler Shisha +Glass Bowl,1139,Brand New,0,True,120
"4"" Handmade Juicy Peach Specter Spiral Plasma Tobacco Smoking Bowl Glass Pipes",1359,Brand New,0,False,0
"8"" Handmade Pure Green Electric Energy Sherlock Tobacco Smoking Bowl Glass Pipes",1839,Brand New,0,False,0
"4.5"" Handmade Thick Bright Blue Infinity Spiral Tobacco Smoking Bowl Glass Pipes",1699,Brand New,0,False,0
Pyrex 325 2.5 Qt Round Clear Glass Mixing Bowl,2179,Brand New,0,True,0
2-PCS Primium 14mm Star Wars Yoda Bowl Head for Water Filter Bong,1580,Brand New,0,True,0
"Handle Clear Sound Bowl F Heart Chakra Quartz Crystal Singing Bowl 6""",17599,Brand New,0,False,0
"Cosmic Handle Clear Sound Bowl G# Zeal Chakra Quartz Crystal Singing Bowl 6""",19359,Brand New,0,False,0
"Cosmic Clear Blue Colored G Throat Chakra Quartz Crystal Singing Bowl 6""",19359,Brand New,0,False,0
"Handle Clear Cosmic Colored D Sacral Chakra Quartz Crystal Singing Bowl 7""",22999,Brand New,0,False,
Naruto Shippuden Ramen Bowl with Chopsticks 16 Ounce New,1198,Brand New,0,True,0
"Tibetan Singing bowl Set ~ for yoga, Meditation and sound Healing Third eye !!",2899,Brand New,0,False,344
4.5 Inch Green Ice Cream Cone Smoking Pipe Tobacco w Glass Bowl Detachable,599,Brand New,0,False,136
the cellar basics Rim Dinner Bowls - Set of 4 - White Porcelain,1999,Brand New,0,False,
4 inch Handmade Thick Ocean Blue Color Changing Tobacco Smoking Bowl Glass Pipes,1399,Brand New,0,False,0
"8"" Handmade Green Scorpion Tribal Steam Roller Tobacco Smoking Bowl Glass Pipes",1889,Brand New,0,False,0
14mm Glass SCREEN Bowl Thick large capacity Made with American  Glass Rod,1785,Brand New,0,True,0
14mm Male Olive Green Glass Bowl Replacement Tobacco Herb Water Pipe Piece,795,Brand New,0,False,17
Black Hookah Bowl Set Silicone Shisha Bowl with Hookah Tongs & Heat Management,2429,Brand New,0,True,159
16 qt Winware by Winco 17.75 dia x 5 h Stainless Steel Mixing Bowl MXB-1600Q,2049,Brand New,0,False,0
3 X Silicone Smoking Pipe with Glass Bowl  US SELLER SAME DAY SHIP,1398,Brand New,0,True,0
Mid Century Art Deco Bowl Orange And Red,2500,Pre-Owned,1258,False,
"Clear Sound Bowl Green F Heart Chakra Quartz Crystal Singing Bowl 6""",14079,Brand New,0,False,0
13 Inch Heavy Glass Bongs Percolator Water Pipe Thick Smoking Hookah 14mm Bowl,2599,Brand New,600,False,0
14mm Bowl Flower Iridescent Pink Amber Purple Black Glass Bowl Slide 14mm,1295,Brand New,0,False,0
Turn Burn Quit Smoking Pipe Revolving Multi Chamber Taster SAT Metal Bowl,1499,Brand New,0,True,138
5‚Äù Grav Glass Pipe Bowl Rocker Lake Green,1999,Brand New,0,False,0
Americanpipes‚Ñ¢Ô∏è nickel metal Tobacco Smoking Pipe party bowl w 10-brass screen,2696,Brand New,0,False,0
Mini Glass Bong Portable  Water Pipe Smoking Bong Beaker Hookah 10mm Bowl+S Bowl,1299,Brand New,0,True,38
Metal Tobacco Smoking Pipe Random Bowl Stainless Steel Mesh Metal Pipes Screens,1399,Brand New,0,False,0
Lot Of 5 3.5'' Silicone Smoking Hand Pipe with Cap Lid Pocket Pipe & Metal Bowl,1204,Brand New,0,False,27
"Frosted Purple Colored B Crown Chakra Quartz Crystal Singing Bowl 8""+Carrier",6299,Brand New,0,False,0
"Colored Clear Sound Bowl D Sacral Chakra Quartz Crystal Singing Bowl 7""",15839,Brand New,0,False,0
"1"" bell bowl American Pipes brass +10 screens quality since 1997 ",1695,Brand New,0,False,65
"Tramontina 14-Piece Stainless Steel Mixing Bowl Set with Lids ‚Äì Non-Slip Base, D",4495,Brand New,0,False,
Stainless Steel Mixing Bowls 14 Piece Bowl Set with Measuring Cups and Spoons,3449,Brand New,0,True,5260
New ListingKemple Horehound Quintec Statement Bowl beautiful Carnival ,4800,Pre-Owned,2392,False,
Silicone Smoking Pipe with Glass Bowl & Cap Lid | Purple Sparkle GLOWS,799,Brand New,0,True,458
14mm- Primium Bowl Thick Glass Yoda Shape Bowl Head Holder,1088,Brand New,0,True,0
4.5‚Äú Gnome Glass Smoke Bowl Blue Clear Wizard Merlin Tobacco Bowls Smoking Pipe,1899,Brand New,0,True,
Lot Of 5 3.5'' Silicone Smoking Hand Pipe with Cap Lid Pocket Pipe & Metal Bowl,1519,Brand New,0,True,0
"Japanese Rice Soup Noodle Bowl 6""D Porcelain Lucky Karajishi Lion Made in Japan",1595,Brand New,0,False,107
"CVNC 440Hz 8""A Third-Eye Rainbow Chakra Crystal Singing Bowl Quartz Sound Bath",5600,Brand New,0,False,0
"New Collectible 4.5"" Glass Pipe Bowl Hand Pipe Pokemon Pokeball Poke Ball Spoon",1899,,0,True,0
"Lenox Eternal with Gold Trim Footed Cream Soup Bowl , Set Of 4 Pcs",6500,Brand New,1200,False,0
"RORA 4"" Glass HAMMER PIPE COLLECTIBLE TOBACCO SMOKING HERB BOWL HAND PIPES",1199,Brand New,0,False,0
Slide Bowl for Bong. Full Wig Wag. 4 Hole Air Intake. Tropical Burst,1899,Brand New,0,False,0
"Mikasa French Countryside Oval Serving Bowl, 10.5"",  - new in box!",2199,Brand New,1328,False,
(Pack of 9) | Metal Bowl for Silicone Pipe | Replacement | 12 Hole |USA SELLER,1399,Brand New,0,True,0
"4.5"" Handmade Thick Heavy Vibrant Purple Rasta Tobacco Smoking Bowl Glass Pipes",1439,Brand New,0,False,0
"2.5"" Purple Star Screen Filter 14mm Premium Bowl Slide Bong Hookah Water Pipe",1199,Brand New,0,True,0
"Japanese 4.75""D Porcelain Rice Soup Bowl Namako Blue Swirl Made in Japan",1095,Brand New,0,False,151
"Premium Thick Glass 9"" Inch Clear Glass Hookah Water Pipe Bong with 14mm Bowl",1880,Brand New,0,True,0
3Packs Colored 14mm Male Glass Bowl For Water Pipe Hookah Bong Replacement Head*,1113,Brand New,0,False,0
6 Pack 24 Oz Ceramic Bowl Set Ceramic Dessert Bowls for Kitchen Serving Dishes S,3170,Brand New,0,True,0
"New ListingSalerno Porcelain Square Snack Bowl, White",3066,Brand New,0,True,
"14mm 2.5"" AZURE-BLUE Diamond Slide Bowl Water Pipe Hookah Head Piece Thick Bowl",1095,Brand New,0,False,0
Emma Bridgewater Vegetable Garden Tomatoes Medium Pasta Bowl,5599,Brand New,0,True,0
"4"" Handmade Heavy Thick Clear Ripple Square Tobacco Smoking Bowl Pipes",1839,Brand New,0,False,0
6 inch Handmade Smooth Blue Sherlock Gandalf Tobacco Smoking Bowl Pipes,2079,Brand New,0,False,0
"6-Pack Sturdy Blue Cereal Bowls 6.5"" Wide BPA-FREE Plastic FAST FREE SHIPPING",1295,Brand New,0,False,107
LEM Products Batter Bowl Translucent and Green,1776,Brand New,0,False,0
"Japanese Porcelain Oval Shallow Rice Pasta Salad Bowl Tabby Cat 7.75""L x 6.25""W",1895,Brand New,0,False,0
40PCS Tobacco Smoking Pipe Metal Filter Screen Steel Mesh Concave Bowl Style ELH,945,Brand New,0,True,240
5.25 in Handmade Thick Heavy Mighty Red Marble Tobacco Smoking Bowl Glass Pipes,1679,Brand New,0,False,0
"Cosmic Clear Sound Bowl G Note Throat Chakra Quartz Crystal Singing Bowl 8""",21999,Brand New,0,False,0
"CVNC432Hz 8-14"" Alchemical Symbol Set Crystal Singing Bowl W/ Bags Sound Healing",56000,Brand New,35000,False,0
Shop on eBay,2000,Brand New,,False,
Shop on eBay,2000,Brand New,,False,
CVNC 6 Inch Chakra Alchemy Color Cosmic Clear Crystal Sing Bowl Sound Heal Reiki,7500,Brand New,5500,False,
"Clear Sound Bowl Rose Design F Heart Chakra Quartz Crystal Singing Bowl 6""",17599,Brand New,0,False,0
"Cosmic Clear Sound Bowl G Thoat Chakra Quartz Crystal Singing Bowl 6""",17599,Brand New,0,False,0
"Cosmic Clear Sound Bowl Blue G Note Throat Chakra Quartz Crystal Singing Bowl 6""",17599,Brand New,0,False,0
5.25 in Handmade Thick Heavy Mighty Red Marble Tobacco Smoking Bowl Glass Pipes,1679,Brand New,0,False,0
"4"" NORTHERN LIGHTS Glass Tobacco Smoking glass Pipe Bowl THICK glass Pipes",1495,Brand New,0,False,0
HLC FIESTA MADE IN USA FIESTAWARE CEREAL BOWL,999,Pre-Owned,,False,0
2 Pack Multicolored Glass Bowl Poker/Pipe Cleaner USA,1100,Brand New,0,False,129
DUAL SIZE 14mm & 18mm SILICONE SLIDE BOWL Tobacco Pipe SLIDE BOWL,1295,Brand New,0,False,0
"RORA 16.5"" Heavy Glass Bong Percolate Bongs Smoking Hookah Water Pipe 18mm Bowl",3299,Brand New,0,False,0
14mm Glass Ash Catcher 90¬∞Bowl for Bong Hookah Shisha Silicone Container White.,1148,Brand New,0,False,0
Phoenix Star 14mm Glass Bong Bowl 7-hole  unique Filter Screen  2024 üî•üåøüåüüí®üöÄ,1585,Brand New,0,False,0
4 Pack Microwave Bowls Heat and Eat 26 OZ Dishwasher Safe BPA-Free Plastic Soup,1199,Brand New,0,True,0
"Frosted Sound Bowl E Solar Plexus Chakra Quartz Crystal Singing Bowl 8""+Carrier",5599,Brand New,0,False,0
"Karat 24oz PET Plastic Salad Bowl Dome Lids - 300 ct, FP-BRL165-PET",4275,Brand New,0,False,0
"Mauviel M'Stone 3 Stewpan Cast Stainless Steel Handle, 6.7-Qt",14636,New other (see details),0,False,0
"CVNC 432Hz 6"" A Third Eye Clear Quartz Crystal Singing Bowl Meditation Sound",9399,Brand New,3000,False,0
Pampered Chef Simple Additions Square White Serving Bowl 7.5in Discontinued,2800,Pre-Owned,3280,False,0
Original Metal Tobacco Smoking Pipe Brass Chamber Bowl Hand Herb Pipe 5 Screens ,1799,Brand New,0,False,0
Wood Tobacco Smoking Pipes Bowl Proto Monkey Swivel Lid Pipe Portable Wooden,1799,Brand New,0,False,0
Cool Touch Microwave Bowl,1499,Brand New,399,False,
"2.5"" Pink Diamond Slide Bowl 14mm Water Pipe Hookah Head Piece",899,Brand New,0,True,0
"3.75"" Tobacco Smoking Pipe Herb Bowl Wood Hand Pipes Folding Style 00",825,Brand New,0,True,0
Premium 3x18mm Male Glass Bowl Replacement Head with Flat Handles,999,Brand New,0,True,0
"3"" Colorful Glass Honeycomb Style Bowl Slide USA (10mm, 14mm, 18mm) Male/Female",759,Brand New,0,True,0
"2.5"" Teal Star Screen Filter 14mm Premium Bowl Slide Bong Hookah Water Pipe",1199,Brand New,0,True,0
New ListingCorelle Winter Frost White Pasta Bowl  20-oz - Set of 3,1400,Pre-Owned,1100,True,
NutriChef 6 Pc Stainless Steel Home Food Prep Mixing Serving Bowl Set (Open Box),1951,Open Box,0,False,18
"Clear Sound Bowl Red Colored C Note Root Chakra Quartz Crystal Singing Bowl 7""",15839,Brand New,0,False,0
"Clear Sound Bowl D# Note Sexual Chakra Quartz Crystal Singing Bowl 9""",25432,Brand New,0,False,0
"Pioneer Woman Teal Pressed Glass 3.1"" Condiment Dip Prep Mini Bowl Set of 4 NEW",2699,New other (see details),1089,True,0
Vollrath 47934 Bright Mirror Finish S/S Economy 4 Quart Mixing Bowl,1131,Brand New,0,False,0
"6"" Small Glass Bong with Travel Box Smoking Tobacco Water Pipe 14MM Glass Bowl",2069,Brand New,0,True,0
2/4/5/10 Pieces Mixed Color Silicone Pipe with Cap and Stainless Steel Bowl,1000,Brand New,0,True,0
Premium 14mm Thick Glass Red Skull King in Crown Bowl Head  for Water Bong,1089,Brand New,0,True,0
14mm Aluminum GOLD bowl slide Built In Screen water pipe bong Unbreakable,1099,Brand New,0,False,0
3.75 inch Handmade Mini Fusion Swirl Blue Teal Tobacco Smoking Bowl Glass Pipes,1099,Brand New,0,False,0
"(Set of 4) WEAVED WOODEN BOWLS 6"" SALAD BOWL DISHWASHER/TOXIC SAFE",895,Brand New,0,False,
"Handle Clear Platinum Grey Color F Heart Quartz Crystal Singing Bowl 6""",14959,Brand New,0,False,0
"Cosmic Clear Sound Bowl F Heart Chakra Quartz Crystal Singing Bowl 7""",19359,Brand New,0,False,0
New ListingShabby Chic White & Blue Melamine Bowls Set/4 Light Blue Bows Scalloped Edge New,3900,Brand New,,False,0
Silicone Smoking Pipe with Glass Bowl & Cap Lid | Skulls And Flowers | USA,799,Brand New,0,True,1118
"Tobacco Hand Tube Pipe Smoking 4"" Glass 2 mm Tube Feet Large Brown Bowl",1200,Brand New,0,False,0
4 inch Handmade Mini Pocket Straight Red Tobacco Smoking Bowl Glass Pipes,1199,Brand New,0,False,0
RARE Vintage Homer Laughlin Fiesta Black Cat Orange Face Bowl - Super rare - NEW,5500,Brand New,1000,False,0
Naked Lady Mini Silicone Pipe Glass Bowl Tobacco Smoking Spoon Pipe Funny,569,Brand New,499,False,0
New ListingSet of 15 Seokchon Loko Sweet Porcelain Blue/White Chinese Bowls-3 Sizes,5000,Brand New,1364,False,
"4"" Tobacco Smoking Pipe Herb Bowl Stone Hand Pipes + 5 Free Screens 002",1425,Brand New,0,True,0
Vaphit Convection Smoking Pipe with Quartz Heating Cap and Stainless Steel Bowl,1500,Brand New,0,False,0
5pcs/set 14MM Male Clear Glass Bowl For Smoking Water Pipe Bong Hookah Hand Pipe,999,Brand New,0,True,16
14mm Male Slide Tobacco Bowl Glass  for Water Pipes - BW01 Blue,1025,,0,True,0
"6"" Small Glass Bong with Travel Box Smoking Tobacco Water Pipe 14MM Glass Bowl",2299,Brand New,0,True,0
18mm Female Rosey Pink Glass Bowl Replacement Tobacco Herb Water Pipe Piece,895,Brand New,0,False,
4 Inch Tobacco Smoking Glass Pipe Handmade Pipes Gorgeous Bowl Collectible,1349,Brand New,0,True,0
New ListingBelmar California Pottery USA 320 Pear & Leaf Dishes Yellow 1‚ÄùT 7‚ÄùW Set Of 4 ,4500,Pre-Owned,698,True,
6 - 8 inch Handmade Thick Random Large Sherlock Tobacco Smoking Bowl Pipe,2499,Brand New,0,False,0
"8.3"" Pasta Bowls Set of 4, 34 oz Ceramic Salad Bowls, White Serving Plate",2208,Brand New,0,False,0
18MM Bong Bowl Slide Glass Bowl With Screen CLEAR Honeycomb Star For Water Pipes,1140,Brand New,0,True,0
Silicone Pipe Donald Trump MAGA 2024 Smoking Pipe Glass Bowl Trump President,1200,Brand New,0,False,0
4.5 Inch Tobacco Glass Pipe Skull Smoking Pipe Swirl Stripe Bowl Hand Pipe,1189,Brand New,0,False,0
4.5 inch Handmade Heavy Blue Cosmic Syphon Tobacco Smoking Bowl Glass Pipes,1699,Brand New,0,False,0
"4 1/2"" TRIPLE COMET Tobacco Smoking Pipe bowl DICHRO pipes",1695,Brand New,0,False,0
"(2) Black & Red Unbreakable Silicone Tobacco Pipe, Glass Bowl, USA SELLER",1599,Brand New,0,False,0
7 inch Handmade Thick Nether Metal Spike Sherlock Tobacco Smoking Bowl Pipes,3599,Brand New,0,False,0
4 inch Handmade Binding Red Square Rectangle Tobacco Smoking Bowl Glass Pipes,1899,Brand New,0,False,0
Copper Shaving Bowl,1000,Brand New,,False,0
14mm Female Olive Green Glass Bowl Replacement Tobacco Herb Water Pipe Piece,895,Brand New,0,False,0
"5.5"" Handmade Green Blue Double Color Sherlock Tobacco Smoking Bowl Glass Pipes",2099,Brand New,0,False,0
"4"" Mini Glass Bong Smoking Tobacco Glass Water Pipe with 14mm Bowl & Decent Box",1709,Brand New,0,True,0
"3Pack  5"" (insert 3.8'') Downstem +14mm Male Round Bowl",1480,Brand New,0,True,0
"5"" Handmade Heavy Thick Color Changing Glacier Tobacco Smoking Bowl Glass Pipes",2499,Brand New,0,False,0
Military MRE Individual Menu Single Meal 2025 Inspection Date,1545,Brand New,0,False,0
"Cosmic Clear Sound Bowl G Note Throat Chakra Quartz Crystal Singing Bowl 6""",17599,Brand New,0,False,0
Navistar International Truck 1699842C91 BOWL,19269,New ‚Äì Open box,0,False,
Shop on eBay,2000,Brand New,,False,
Shop on eBay,2000,Brand New,,False,
Zep Acidic Toilet Bowl Cleaner - Thicker Clinging Formula,2999,Brand New,0,False,0
"Starry Sky Design Clear Sound Bowl F Heart Chakra Quartz Crystal Singing Bowl 6""",17599,Brand New,0,False,0
"Clear Sound Bowl Colored Design G Throat Chakra Quartz Crystal Singing Bowl 6""",14079,Brand New,0,False,0
"Cosmic Clear Sound Bowl C Note Root Chakra Quartz Crystal Singing Bowl 7""",19359,Brand New,0,False,0
"4"" Glass Smoking Pipe Clear Brown ""Basic 2 Series"" Spoon Pipes Bowls Smoke Bowl",899,Brand New,0,False,
18MM Slide Bowl For Bong Wig Wag 18mm Bowl Slide,1299,Brand New,499,False,
Handmade Labradorite Gemstone Smoking Crystal Pipe Hand Spoon Tobacco Smoke Bowl,1499,Brand New,499,True,0
Falcon Istanbul Rusticated Classic 7120A Briar Tobacco Pipe Bowl - New,4299,Brand New,0,True,0
14mm Glass SNOWFLAKE SCREEN Slide BOWL Male for Water Pipe Bong (1 - ONE) Green,1481,Brand New,0,False,188
3PC 4.7 ''Glass Hookah Adapters Down Stem + 3PC 14mm Hookah Bowl Brushes Set,1199,Brand New,0,False,0
PAX-VIVANT RIFT powerful Dry Herb/Tobacco 3-bowl Hybrid pure convection heater,10900,Brand New,,False,13
"50 PCS Pipe Screens 3/4 Inch 100% Stainless Steel Bowl Screens Filters, 0.75 ...",699,Brand New,0,True,22
Signature Housewares 5-piece Serving Set Stoneware Bowls,2499,Brand New,0,False,0
Easter Bunny Dough Bowl Centerpiece,4800,Brand New,0,False,0
New Pro Shampoo Backwash Sink Stations Bowl Baber Salon Beauty Spa Styling Black,9999,Brand New,0,True,0
"Sound Bowl Blue Colored Design G Throat Chakra Quartz Crystal Singing Bowl 8""",21999,Brand New,0,False,
"Cosmic Clear Sound Bowl A Third Eye Chakra Quartz Crystal Singing Bowl 8""",21999,Brand New,0,False,0
Set of 4 French Onion Soup Crocks 12 oz White Ceramic Porcelain Bowls,1895,Brand New,0,True,0
"GRAV¬Æ 12MM CLEAR TASTER¬Æ - PACK OF 10, Larger Bowl, GRAV¬Æ Logo Etched Glass",2339,Brand New,0,False,0
SLIDE BOWL STAND 18mm male w/ ADAPTER for 14mm male Tobacco SLIDE BOWLS,1995,Brand New,0,False,0
New ListingVietri Aurora Snow Deep Serving Bowl - New,8999,Brand New,2499,False,
14mm Glass slide bowl Water Pipe Hookah Bong Head Piece - MULTISTRIPE - USA,1199,Brand New,0,False,0
Hookah Replacement 14mm Red White Pok√©mon Pokeball Male Glass Bowl Piece Slide,899,Brand New,0,False,0
14'' Plasma Bong Electric Glass Waterpipe Smoking Bong with Bowl 14MM Gift Box,6203,Brand New,0,False,0
4 inch Handmade Thick Pure Pink Classic Tobacco Smoking Bowl Glass Pipes,1299,Brand New,0,False,0
6'' Small Hookah Glass Bong Smoking Tobacco Water Pipe with 14mm Shisha Bowl,1599,Brand New,0,False,0
American Pipes¬ÆÔ∏è 4‚Äù anodized aluminum metal smoking pipe DBL Chamber & 1‚Äù Bowl,1899,Brand New,0,False,0
"Japanese 4.5""D Porcelain Children Rice Bowl Grey Crackle Pink Cat Made in Japan",1195,Brand New,0,False,0
"Handle Clear Sound Bowl G# Tone Zeal Chakra Quartz Crystal Singing Bowl 8""",23999,Brand New,0,False,
"Clear Color Design C Root Chakra Quartz Clear Crystal Singing Bowl 7""",15839,Brand New,0,False,0
14mm X 18mm Colored Bloom Male Glass Bowl Piece For Tobacco Choose Your Color,948,Brand New,0,True,0
"New! RAW Rolling Papers ""LIL PREP BOWL"" Smooth Silicone Sorting Bowl   Washable!",699,Brand New,0,False,0
"6 pieces melamine rice bowl 4-1/2"" diameter Á¥ÖËê¨Â£Ω RED MUN SHOU, Red longevity",1500,Brand New,0,False,0
Home Essentials Basic Porcelana Blue & White Reticulated Oval Serving Platter,2200,Pre-Owned,,True,0
"Minion Silicone pipe, Glass Bowl",1099,Brand New,0,False,0
New ListingHasense Small Mixing Bowls of 3 Ceramic Ribbed Nesting White Bowls 1.5/1/0.5 ...,5115,Brand New,0,True,0
"16.5"" Heavy Glass Bong Hookahs Honeycomb Percolator Water Pipe Bowl for Smoking",3499,Brand New,0,True,0
"Japanese Donburi Rice Soup Bowl 5.75""D Porcelain Pink Bunny Rabbit Made in Japan",1295,Brand New,,False,0
"CVNC 432Hz 7"" A Third-Eye Half Color Crystal  Singing Bowl For Sound Heal Reiki",3999,Brand New,5500,False,
"Dark Green Colored Design G# Zeal Chakra Quartz Clear Crystal Singing Bowl 7""",15839,Brand New,0,False,0
"( Pack of 10 ) 3.5"" Silicone Tobacco Smoking Pipe with Lid Black Hand Pipes Bowl",1899,Brand New,0,False,0
„É©„Éº„É°„É≥„Éú„Ç¶„É´  Set of 4 Blue and White Porcelain JAPANESE Bowls with Gift Box ,2195,Brand New,0,False,79
"Pyrex 326-PC, 325-PC, 323-PC, 322-PC Plastic Replacement Mixing Bowl Lids",2299,Brand New,0,True,347
"5"" HEAVY HAMMER GLASS PIPE STEAM ROLLER TOBACCO SMOKING BOWL THICK PIPE",1799,Brand New,0,True,13
"3.75"" Handmade Thick Bright Orange Chrono Orb Tobacco Smoking Bowl Glass Pipes",1099,Brand New,0,False,0
Eyce Shorty Taster Cured Silicone Pipe 3 1/2‚Äù With Bowl-- 1 PC (Pick Color),1468,Brand New,0,False,0
New ListingNEW Pillivuyt France Porcelain BRASSERIE Footed 4 Qt LARGE Salad Serving Bowl,6500,Brand New,1228,False,
Glass Bowl  ,350,Brand New,451,False,0
"2.3"", 3"", 4"", 6"", 8"" Selenite Bowl Selenite Crystal Bowl Cleaning Cleansing bowl",999,,550,True,0
2 x Silicone Smoking Pipe with Glass Bowl  US SELLER SAME DAY SHIP,1439,Brand New,0,True,0
"10"" Glass Beaker Bong Ash Catcher Water Smoking Tobacco Pipe 14MM Bowl 10 Screen",2699,Brand New,0,True,0
14mm Male Glass Bowl Stem Replacement for Bongs,699,Brand New,0,False,191
Primium 14mm Pink Thick Glass Octopus Bong Bowl Head Piece Bong Bowl Holder,1289,Brand New,0,True,0
New ListingVietri Aurora Snow Medium Serving Bowl - New,8999,Brand New,2499,False,
"15"" Heavy Glass Bong Smoking Hookah Water Pipe  Beaker 14mm Bowl",3375,Brand New,0,False,32
"Set of 4 Made in Mexico Plato Pozolero Soup Cereal Bowl 8""X2"" Grande Large Me...",3391,Brand New,0,True,0
Falcon Snifter Smooth Classic 7118C Briar Tobacco Pipe Bowl - New,4299,Brand New,0,True,0
7.5 Inch Sake Bottle Glass Water Pipe Bong Tobacco Hookah Clear with 14mm Bowl,1595,Brand New,0,False,0
Evolution Microwave Stainless Steel Mixing Bowl with Lid Set (Cream),5999,Brand New,0,False,
"5"" Premium GLASS Tobacco Mini Hookah Quality Water Pipe Bong 14mm Bowl",1595,Brand New,0,False,0
14mm Dancing Octpus Glass Bowl Funnel Slide For Tobacco Smoking Water Pipe Bong,1180,Brand New,0,True,0
New ListingCorelle Camellia Floral Dragonfly Ladybug Soup Cereal Bowls Vitrelle Set of 9,4000,Pre-Owned,1236,False,
Universal 14mm 18mm Hybrid Silicone Glass Bowl - Blacklight Reactive,899,Brand New,0,False,0
"New Listing2x IKEA Bowls White Turquoise Blue Abstract Pattern Inside Bowl 6 1/4"" Portugal",2999,Pre-Owned,1600,False,
Tupperware Mega Thatsa Mixing Serving 42 Cup Bowl Royal Blue with Red Seal New,3599,Brand New,0,False,0
2Pack 5.75'' (insert 4.5'') Downstem fit 14mm Male Bowl for 9/10/12/13'' Bong,1080,Brand New,0,True,0
4 Wedgwood Classic White Bone China Rim Rimmed Soup Bowl 8‚Äù NEW NWT,12500,Brand New,2275,False,0
16in Heavy 6mm Thick Glass Bong Smoking Hookah Water Pipe 14mm Bowl Beaker,2999,Brand New,0,True,0
8inch Black Glass Bong Smoking Hookah Water Heavy Pipe Beaker USA+14mm Bowl,1499,Brand New,0,True,0
NEW NIB 5 Sectional Serving Bowl Tray Plate with Lid Family Gathering Divider ,599,Brand New,514,False,0
"Extra Large XL Abalone Seashell 6-7"" (2 pcs), Smudging Bowl",2675,Brand New,0,True,165
SILICONE SMOKING PIPE W/ GLASS BOWl US SELLER Fast Ship,499,Brand New,499,False,
"Color Crystal Sound Bowl Tuned Chakra Set  of 7 Quartz Crystal Singing Bowl 6-9""",149599,Brand New,0,False,0
CVNC 432Hz 6 inch Dream Yellow  Alchemy crystal singing bowl for sound healing,12319,Brand New,0,False,0
Shop on eBay,2000,Brand New,,False,
Shop on eBay,2000,Brand New,,False,
"432Hz Cosmic Sound Bowl Colored F Heart Chakra Quartz Crystal Singing Bowl 7""",21999,Brand New,0,False,
"CVNC432Hz 6""A Third-eye Chakra Clear Crystal Alchemy Singing Bowl for Sound Heal",11599,Brand New,0,False,0
5 Pack Cloth Bowl Covers for Bread Rising Reusable Fabric Bowl Covers 4 Size St,2280,Brand New,0,False,0
"Stone Pattern Design 432Hz Frosted G Throat Chakra Crystal Singing Bowl 8""",9999,Brand New,0,False,
"Extra Large XL Abalone Seashell 6-7"" (2 pcs), Smudging Bowl",2675,Brand New,0,True,165
SILICONE SMOKING PIPE W/ GLASS BOWl US SELLER Fast Ship,499,Brand New,499,False,
14mm 45¬∞ Mini Glass Dry Ash Catcher And 14MM Male Glass Bowl for Glass Bong Pipe,2069,Brand New,0,True,0
Two Piece Glass Downstem And Slide Bowl Set with handle (12mm) Hookah Water Pipe,1097,Brand New,0,False,
8.5'' Green Glass Bong Heavy Water Pipe Glass Hookah Smoking Bong with 14mm Bowl,2499,Brand New,0,False,0
14mm Green Swirl Horned Bowl - High Quality - Built In Screen - Thick Glass,1099,Brand New,0,False,0
10'' Purple Glass Bong Water Pipe Glass Hookah Heavy Smoking Bong with Bowl,1599,Brand New,,False,0
1 Pc Cream Pink Purple Dot Mushroom Glass Bowl Head Piece For Glass Bong 14mm,1399,Brand New,0,False,0
5.5 inch Handmade Yellow Lizard Gecko Animal Tobacco Smoking Bowl Glass Pipes,1799,Brand New,0,False,0
"Clear Red Colored C Note Root Chakra Quartz Clear Crystal Singing Bowl 7""",15839,Brand New,0,False,0
"440Hz Cosmic Sound Bowl Blue G Note Throat Chakra Quartz Crystal Singing Bowl 6""",18479,Brand New,0,False,0
Haviland France Ranson Sugar Bowl,4900,New (Other),767,False,0
"Clear Sound Bowl Blue Color G Throat Chakra Quartz Crystal Singing Bowl 7""",15839,Brand New,0,False,0
LARGE SOLID BRASS TOBACCO SMOKING PIPE  MADE IN USA ! LARGE BOWL.  FREE SHIPPING,2589,Brand New,0,False,0
1Pc Clear Glass Bowl-10m_b$,167,Brand New,387,False,
signature housewares stoneware bowls with lids 21 OZ in brown box,4499,Brand New,0,False,
4 inch Handmade Dichroic Bright Blue Emblem Tobacco Smoking Bowl Glass Pipes,1699,Brand New,0,False,0
"5"" Glass Smoking Pipes Double Bowls Red Thick Smoke Bowl Tobacco Pipe Heavy",1599,Brand New,0,False,0
Pioneer Woman Melamine Mixing Bowl Lid Set Floral Green White 12Pc New,4900,Brand New,1989,True,0
Phoenix Star 14mm Thick Glass Bong Deep Blue Bowl 7-hole Filter Screen üî•üéÜüí®üí•,1585,Brand New,0,False,0
14mm Aluminum Metal SILVER bowl slide  water pipe bong Unbreakable,899,Brand New,0,False,0
20 inch Heavy Smoking Glass Bong Hookah Water Pipe Bubbler Shisha + 14mm Bowl.,5604,Brand New,0,False,0
 SILICONE SMOKING PIPE W/ GLASS BOWl US SELLER SAME DAY SHIP,949,Brand New,0,True,359
Peanuts Snoopy Poses Ramen Bowl Bundle Multi-Color,2698,Brand New,0,False,
"Cosmic Green Sound Bowl F Note Heart Chakra Quartz Crystal Singing Bowl 7""",20999,Brand New,0,False,0
"Handle Clear Sound Bowl Cosmic F Heart Chakra Quartz Crystal Singing Bowl 7""",24999,Brand New,0,False,
Outdoor Fire Pit 30 Inch Round Large Steel Bowl Copper Color Mesh Screen Cover,3999,Brand New,0,True,97
"5"" Handmade Thick Color Changing Red Vortex Tobacco Smoking Bowl Glass Pipes",1899,Brand New,0,False,0
New Listing5 Kotobuki Rabbit Bunny Bunnies Moon Bowl Dish Japan Serving Easter Blue White,7500,Pre-Owned,1050,False,
Signature 10 Bowls,2999,Brand New,1299,False,0
12-Pack Pumice Stones for Cleaning - Toilet Bowl Cleaner (Gray),1689,Brand New,0,True,956
Missouri Meerschaum Let Freedom Ring Rob Roy Bowl Bent Corn Cob Pipe - 5638,1195,Brand New,0,False,0
"6"" HEAVY THICK Glass Hammer Bubbler Showerhead & Ladder Ring Perc 19mm 18mm Bowl",2389,Brand New,0,False,0
Set of 4 French Onion Soup Crocks 12 oz Brown & Ivory Ceramic Porcelain Bowls,1995,Brand New,0,True,91
"Cosmic Blue Colored  Sound Bowl G# Zeal Chakra Quartz Crystal Singing Bowl 6""",17599,Brand New,0,False,0
"Handle Clear Cosmic G Throat Chakra Quartz Crystal Clear Singing Bowl 6""",17599,Brand New,0,False,0
"Ralph Lauren Round Hill 2-9"" Oval Vegetable Serving Bowls",6999,Brand New,1171,False,0
Large Pasta Bowls French Sunflower Set Of 2 Certified International 9.25 in. New,3699,Brand New,1295,False,
Pampered Chef: Stainless Steel Mixing Bowl Set - NEW Free Shipping,5450,Brand New,0,False,11
"10"" Glass Beaker Bong Ash Catcher Water Smoking Tobacco Pipe 14MM Bowl 10 Screen",2699,Brand New,0,True,0
3 X Replacement Glass Bowl For m 420,1895,Brand New,0,False,593
"Japanese Rice Soup Bowl 5.25""D Porcelain Grey Ume Cherry Blossom Made in Japan",1595,Brand New,0,False,0
"4"" Glass Smoking Pipe Clear Purple ""Basic Series"" Spoon Pipes Bowls Smoke Bowl",1199,Brand New,0,True,0
Metal Bowl for Silicone Pipe | Replacement | 2 pack | USA Seller,699,Brand New,0,False,992
Tobacco Smoking Pipe Bowl Brass Metal Pipes Skull Portable Creative Mini Pipe,659,Brand New,0,False,0
"4"" DARK STAR  all Black Glass Tobacco Smoking Pipe Bowl THICK Glass Pipes",1695,Brand New,0,False,0
5 - 6 inch Handmade Random Lucky Grab Bag Spoon Tobacco Smoking Bowl Pipes,1699,Brand New,0,False,0
"16.5"" Pink Heavy Glass Bong Percolate Bongs Smoking Hookah Water Pipe 18mm Bowl",3299,Brand New,0,True,0
"Blue Teal Glass Luster Floral Decorative Oval Serving Bowl Luster 13"" Italy New",2995,Brand New,2480,False,0
Small Pipe HAMMER PIPE COLLECTIBLE TOBACCO GLASS SMOKING HERB BOWL HAND PIPES,999,Brand New,0,False,0
4 GLASS REPLACEMENT BOWLS for SILICONE PIPES Bowl,1295,Brand New,0,False,157
"H&E Salad Bowl, 60 OZ Large Soup Bowls Serving Bowls, Porcelain Salad Bowls Set",3228,Brand New,0,False,
Metal Tobacco Smoking Pipe Random Bowl Stainless Steel Mesh Metal Pipes Screens,1399,Brand New,0,False,83
New Listing3Piece Affordable Convenient Printed Pipe with Removable Glass Bowl Random Color,1488,Brand New,0,False,0
New Lot Of 2/4/5/10 Mixed Color Silicone Pipe With Cap & Stainless Steel Bowl,898,Brand New,0,True,0
14mm Glass SNOWFLAKE SCREEN Slide BOWL Male for Glass Water Pipe Bong (1 - ONE),1481,Brand New,0,False,373
Neon Slime Slide Bowl 14mm Water Pipe Hookah Head Piece Thick Bowl - P644A,1099,Brand New,0,False,0
New ListingFour Signature Housewares 8.25 Inch Round Soup Or Salad Bowls Stoneware Colorful,4378,Pre-Owned,954,True,
14mm Glass Thick Screen Slide BOWL Male for Water Pipe Bong (1 - ONE) Black,1581,Brand New,0,False,0
Yeti Boomer 4 cup 32 oz Bark Dog Bowl Black Super Chewer Sealed Free Shipping,3995,Brand New,0,False,0
14mm Bowl Slide Yellow Sunflower Glass Bowl  w/ Bee Yellow Petals,2495,Brand New,0,False,0
Clear Pyrex Bubble w. Marble Glass on Glass Art Slide Bowl 10mm 14mm 18mm,1195,Brand New,0,False,0
Collectible Green Pickle Silicone Pipe Smoking Glass Bowl Tobacco,999,Brand New,462,False,0
8''Glass Bong Straight Tube Waterpipe Smoking Bong with Downstem and Bowl,1688,Brand New,0,False,0
"CVNC 432Hz 6""-12"" 7 Pcs Chakra Print Crystal Singing Bowl W/ Case Sound Healing",31599,Brand New,0,False,9
"4.5 "" Glass Tobacco Smoking Pipe Bowl -Handcrafted- Floral Design Pipe",1750,Brand New,0,True,0
4.3‚Äù Glass Pipe Bowl Clear Mint Green Scorpion Steamroller Scorpion Colors Vary,1499,Brand New,0,False,0
18MM Slide Bowl For Bong Pink Butterfly 18mm Bowl,799,Brand New,499,False,0
"Cosmic Crystal Sound Bowl F Heart Chakra Quartz Crystal Singing Bowl 7""",21999,Brand New,0,False,
"Frosted Indigo Colored A Third Eye Chakra Quartz Crystal Singing Bowl 8""+Carrier",6299,Brand New,0,False,0
